Filename,Cluster,Midi 1 (transposed as written for TS),Fingering 1 Name,Fingering 1 Encoding,Midi 2 (transposed as written for TS),Fingering 2 Name,Fingering 2 Encoding,(Normalised) Trill Speed
Trill0.wav,7,64,E Without octave key,0010110000000_1100000000,89,High F (side),1000000000111_0000000100,1.6826852058785906
Trill1.wav,0,82,Bb With octave key (Bis key),1011100000000_0000000000,83,B With octave key,1010000000000_0000000000,3.199965871964929
Trill2.wav,3,59,Low B,0010110010000_1100101000,90,High F# (side),1000000000111_0010000100,1.0630662739241645
Trill3.wav,1,63,Eb Without octave key,0010110000000_1100110000,64,E Without octave key,0010110000000_1100000000,4.612312625843817
Trill4.wav,4,61,Low C#,0010110100000_1100101000,89,High F (side),1000000000111_0000000100,1.6669858745579595
Trill5.wav,9,66,F# Without octave key (main),0010110000000_0100000000,89,High F (side),1000000000111_0000000100,1.503915397273056
Trill6.wav,0,80,G# With octave key (default),1010111000000_0000000000,81,A With octave key,1010100000000_0000000000,4.0101806590769336
Trill7.wav,9,65,F Without octave key,0010110000000_1000000000,89,High F (side),1000000000111_0000000100,1.620938445793129
Trill8.wav,5,59,Low B,0010110010000_1100101000,87,High Eb,1000000000011_0000000000,1.6968866069123256
Trill9.wav,5,60,Low C,0010110000000_1100101000,87,High Eb,1000000000011_0000000000,1.6968866069123256
Trill10.wav,1,64,E Without octave key,0010110000000_1100000000,66,F# Without octave key (main),0010110000000_0100000000,4.766159262974796
Trill11.wav,3,58,Low Bb,0010110001000_1100101000,90,High F# (side),1000000000111_0010000100,0.9938933415933375
Trill12.wav,1,66,F# Without octave key (Chromatic),0010110000000_1001000000,67,G Without octave key,0010110000000_0000000000,4.178747986486115
Trill13.wav,-1,62,D Without octave key,0010110000000_1100100000,74,D With octave key,1010110000000_1100100000,1.4445879157373918
Trill14.wav,-1,67,G Without octave key,0010110000000_0000000000,68,G# Without octave key (default),0010111000000_0000000000,4.92393799424944
Trill15.wav,4,60,Low C,0010110000000_1100101000,88,High E,1000000000011_0000000100,1.2311285701329138
Trill16.wav,9,64,E Without octave key,0010110000000_1100000000,88,High E,1000000000011_0000000100,1.17627269036444
Trill17.wav,6,62,D Without octave key,0010110000000_1100100000,90,High F# (side),1000000000111_0010000100,1.2785262757264555
Trill18.wav,2,59,Low B,0010110010000_1100101000,88,High E,1000000000011_0000000100,1.5680976967022153
Trill19.wav,1,64,E Without octave key,0010110000000_1100000000,65,F Without octave key,0010110000000_1000000000,7.113716814899642
Trill20.wav,9,66,F# Without octave key (Chromatic),0010110000000_1001000000,89,High F (side),1000000000111_0000000100,1.497587957799677
Trill21.wav,7,62,D Without octave key,0010110000000_1100100000,89,High F (side),1000000000111_0000000100,1.8602634694903752
Trill22.wav,9,66,F# Without octave key (main),0010110000000_0100000000,88,High E,1000000000011_0000000100,2.1193000126576713
Trill23.wav,9,67,G Without octave key,0010110000000_0000000000,90,High F# (side),1000000000111_0010000100,1.7798552393948854
Trill24.wav,6,63,Eb Without octave key,0010110000000_1100110000,90,High F# (side),1000000000111_0010000100,1.720656000180677
Trill25.wav,9,65,F Without octave key,0010110000000_1000000000,88,High E,1000000000011_0000000100,1.8799995601174013
Trill26.wav,5,59,Low B,0010110010000_1100101000,86,High D,1000000000001_0000000000,1.8786965943079144
Trill27.wav,-1,60,Low C,0010110000000_1100101000,65,F Without octave key,0010110000000_1000000000,2.5094904288883697
Trill28.wav,8,58,Low Bb,0010110001000_1100101000,82,Bb With octave key (side key),1010100000000_0000000001,1.5960079062731698
Trill29.wav,1,65,F Without octave key,0010110000000_1000000000,66,F# Without octave key (main),0010110000000_0100000000,3.6892367761734035
Trill30.wav,2,60,Low C,0010110000000_1100101000,89,High F (side),1000000000111_0000000100,1.8252658906129455
Trill31.wav,4,61,Low C#,0010110100000_1100101000,88,High E,1000000000011_0000000100,1.878741989928533
Trill32.wav,3,60,Low C,0010110000000_1100101000,90,High F# (side),1000000000111_0010000100,1.396437870855424
Trill33.wav,10,66,F# Without octave key (Chromatic),0010110000000_1001000000,90,High F# (side),1000000000111_0010000100,1.3661054052644928
Trill34.wav,1,62,D Without octave key,0010110000000_1100100000,64,E Without octave key,0010110000000_1100000000,4.63827782581291
Trill35.wav,-1,75,Eb With octave key,1010110000000_1100110000,77,F With octave key,1010110000000_1000000000,4.765361948789177
Trill36.wav,-1,81,A With octave key,1010100000000_0000000000,88,High E,1000000000011_0000000100,1.9210914603068205
Trill37.wav,11,67,G Without octave key,0010110000000_0000000000,88,High E,1000000000011_0000000100,2.1299639811799542
Trill38.wav,7,65,F Without octave key,0010110000000_1000000000,90,High F# (side),1000000000111_0010000100,1.2354433275541028
Trill39.wav,2,59,Low B,0010110010000_1100101000,89,High F (side),1000000000111_0000000100,1.5442395334825563
Trill40.wav,2,58,Low Bb,0010110001000_1100101000,88,High E,1000000000011_0000000100,1.507505345880583
Trill41.wav,1,62,D Without octave key,0010110000000_1100100000,63,Eb Without octave key,0010110000000_1100110000,4.679201862334056
Trill42.wav,1,69,A Without octave key,0010100000000_0000000000,70,Bb Without octave key (side key),0010100000000_0000000001,7.374342412012654
Trill43.wav,0,83,B With octave key,1010000000000_0000000000,84,C With octave key,1000100000000_0000000000,4.0119773771577805
Trill44.wav,8,59,Low B,0010110010000_1100101000,82,Bb With octave key (side key),1010100000000_0000000001,1.6094675034466546
Trill45.wav,1,65,F Without octave key,0010110000000_1000000000,66,F# Without octave key (Chromatic),0010110000000_1001000000,6.931235653280043
Trill46.wav,1,66,F# Without octave key (main),0010110000000_0100000000,67,G Without octave key,0010110000000_0000000000,4.5901056577926385
Trill47.wav,7,63,Eb Without octave key,0010110000000_1100110000,88,High E,1000000000011_0000000100,1.773619430193287
Trill48.wav,-1,79,G With octave key,1010110000000_0000000000,84,C With octave key,1000100000000_0000000000,3.8694555705553246
Trill49.wav,2,58,Low Bb,0010110001000_1100101000,89,High F (side),1000000000111_0000000100,1.5655767306680308
Trill50.wav,9,66,F# Without octave key (main),0010110000000_0100000000,90,High F# (side),1000000000111_0010000100,1.5214232774096446
Trill51.wav,11,67,G Without octave key,0010110000000_0000000000,89,High F (side),1000000000111_0000000100,1.576477307211353
Trill52.wav,3,61,Low C#,0010110100000_1100101000,90,High F# (side),1000000000111_0010000100,1.42668039032595
Trill53.wav,0,80,G# With octave key (default),1010111000000_0000000000,82,Bb With octave key (Bis key),1011100000000_0000000000,4.937344674802204
Trill54.wav,11,68,G# Without octave key (default),0010111000000_0000000000,88,High E,1000000000011_0000000100,1.948095104959884
Trill55.wav,9,66,F# Without octave key (Chromatic),0010110000000_1001000000,88,High E,1000000000011_0000000100,1.8194572148225172
Trill56.wav,5,58,Low Bb,0010110001000_1100101000,86,High D,1000000000001_0000000000,1.7327555788016813
Trill57.wav,11,68,G# Without octave key (default),0010111000000_0000000000,89,High F (side),1000000000111_0000000100,1.5866922208580507
Trill58.wav,1,65,F Without octave key,0010110000000_1000000000,67,G Without octave key,0010110000000_0000000000,5.441055158453831
Trill59.wav,7,63,Eb Without octave key,0010110000000_1100110000,89,High F (side),1000000000111_0000000100,1.6868163250415582
Trill60.wav,11,68,G# Without octave key (default),0010111000000_0000000000,90,High F# (side),1000000000111_0010000100,1.7946496184064258
Trill61.wav,7,64,E Without octave key,0010110000000_1100000000,90,High F# (side),1000000000111_0010000100,1.2607993802974318
Trill62.wav,7,62,D Without octave key,0010110000000_1100100000,88,High E,1000000000011_0000000100,1.8432321580793969
Trill63.wav,5,58,Low Bb,0010110001000_1100101000,87,High Eb,1000000000011_0000000000,1.5872405278005972
Trill782.wav,144,68,G# Without octave key (default),0010111000000_0000000000,77,F With octave key,1010110000000_1000000000,2.0812088868921363
Trill783.wav,-1,67,G Without octave key,0010110000000_0000000000,68,G# Without octave key (default),0010111000000_0000000000,7.0211930452532565
Trill784.wav,143,71,B Without octave key,0010000000000_0000000000,77,F With octave key,1010110000000_1000000000,2.750868561644276
Trill785.wav,145,66,F# Without octave key (main),0010110000000_0100000000,73,C# Without octave key,0000000000000_0000000000,4.489730279134216
Trill786.wav,147,62,D Without octave key,0010110000000_1100100000,69,A Without octave key,0010100000000_0000000000,3.943682285147814
Trill787.wav,147,63,Eb Without octave key,0010110000000_1100110000,69,A Without octave key,0010100000000_0000000000,3.7506043369884905
Trill788.wav,145,73,C# Without octave key,0000000000000_0000000000,73,C# Without octave key,0000000000000_0000000000,4.385177706582517
Trill789.wav,145,65,F Without octave key,0010110000000_1000000000,73,C# Without octave key,0000000000000_0000000000,4.423100471833697
Trill790.wav,145,66,F# Without octave key (Chromatic),0010110000000_1001000000,73,C# Without octave key,0000000000000_0000000000,4.470752034735541
Trill791.wav,143,72,C Without octave key,0000100000000_0000000000,77,F With octave key,1010110000000_1000000000,3.6677399404781914
Trill792.wav,144,69,A Without octave key,0010100000000_0000000000,78,F# With octave key (main),1010110000000_0100000000,2.2890159205628224
Trill793.wav,143,70,Bb Without octave key (side key),0010100000000_0000000001,76,E With octave key,1010110000000_1100000000,1.7656449957898737
Trill794.wav,147,62,D Without octave key,0010110000000_1100100000,68,G# Without octave key (default),0010111000000_0000000000,3.7425483466006035
Trill795.wav,147,63,Eb Without octave key,0010110000000_1100110000,70,Bb Without octave key (Bis key),0011100000000_0000000000,4.089121196260355
Trill796.wav,143,71,B Without octave key,0010000000000_0000000000,76,E With octave key,1010110000000_1100000000,2.662688280869759
Trill797.wav,-1,62,D Without octave key,0010110000000_1100100000,74,D With octave key,1010110000000_1100100000,1.8201954350392142
Trill798.wav,144,70,Bb Without octave key (side key),0010100000000_0000000001,78,F# With octave key (main),1010110000000_0100000000,1.802641109538492
Trill799.wav,146,61,Low C#,0010110100000_1100101000,68,G# Without octave key (default),0010111000000_0000000000,4.179260568538916
Trill800.wav,144,70,Bb Without octave key (side key),0010100000000_0000000001,78,F# With octave key (Chromatic),1010110000000_1001000000,1.5451001440177263
Trill801.wav,-1,60,Low C,0010110000000_1100101000,65,F Without octave key,0010110000000_1000000000,4.567424745804711
Trill802.wav,143,73,C# Without octave key,0000000000000_0000000000,79,G With octave key,1010110000000_0000000000,2.888760674747943
Trill803.wav,143,72,C Without octave key,0000100000000_0000000000,78,F# With octave key (Chromatic),1010110000000_1001000000,2.790096426610263
Trill804.wav,144,66,F# Without octave key (main),0010110000000_0100000000,74,D With octave key,1010110000000_1100100000,2.1021242044396793
Trill805.wav,143,70,Bb Without octave key (Bis key),0011100000000_0000000000,76,E With octave key,1010110000000_1100000000,2.314255951299115
Trill806.wav,145,65,F Without octave key,0010110000000_1000000000,72,C Without octave key,0000100000000_0000000000,3.9888053466533933
Trill807.wav,144,69,A Without octave key,0010100000000_0000000000,77,F With octave key,1010110000000_1000000000,2.341645243491707
Trill808.wav,144,68,G# Without octave key (default),0010111000000_0000000000,76,E With octave key,1010110000000_1100000000,2.0889632480539566
Trill809.wav,147,63,Eb Without octave key,0010110000000_1100110000,70,Bb Without octave key (side key),0010100000000_0000000001,2.2585091590730606
Trill810.wav,143,72,C Without octave key,0000100000000_0000000000,78,F# With octave key (main),1010110000000_0100000000,2.545105671103506
Trill811.wav,144,69,A Without octave key,0010100000000_0000000000,78,F# With octave key (Chromatic),1010110000000_1001000000,2.248946107482389
Trill812.wav,-1,81,A With octave key,1010100000000_0000000000,88,High E,1000000000011_0000000100,2.2045745927811917
Trill185.wav,39,81,A With octave key,1010100000000_0000000000,82,Bb With octave key (Bis key),1011100000000_0000000000,4.915789400279413
Trill186.wav,44,63,Eb Without octave key,0010110000000_1100110000,82,Bb With octave key (side key),1010100000000_0000000001,1.5104702551851727
Trill187.wav,42,60,Low C,0010110000000_1100101000,79,G With octave key,1010110000000_0000000000,1.2452738643317478
Trill188.wav,-1,79,G With octave key,1010110000000_0000000000,84,C With octave key,1000100000000_0000000000,4.1284695360989545
Trill189.wav,46,63,Eb Without octave key,0010110000000_1100110000,90,High F# (front),1100100000000_0010000000,0.7975870972434409
Trill190.wav,43,58,Low Bb,0010110001000_1100101000,81,A With octave key,1010100000000_0000000000,0.9485868352660698
Trill191.wav,38,88,High E,1000000000011_0000000100,89,High F (side),1000000000111_0000000100,4.259111199526818
Trill192.wav,43,59,Low B,0010110010000_1100101000,82,Bb With octave key (Bis key),1011100000000_0000000000,0.7738152262285033
Trill193.wav,34,80,G# With octave key (default),1010111000000_0000000000,90,High F# (side),1000000000111_0010000100,1.2021220125162084
Trill194.wav,47,70,Bb Without octave key (side key),0010100000000_0000000001,82,Bb With octave key (side key),1010100000000_0000000001,2.1768652703835127
Trill195.wav,42,58,Low Bb,0010110001000_1100101000,77,F With octave key,1010110000000_1000000000,1.5881616800714702
Trill196.wav,43,60,Low C,0010110000000_1100101000,82,Bb With octave key (Bis key),1011100000000_0000000000,1.5372915738632666
Trill197.wav,41,68,G# Without octave key (default),0010111000000_0000000000,87,High Eb,1000000000011_0000000000,1.5151355495285805
Trill198.wav,47,71,B Without octave key,0010000000000_0000000000,82,Bb With octave key (side key),1010100000000_0000000001,2.4468277938509426
Trill199.wav,39,84,C With octave key,1000100000000_0000000000,85,C# With octave key,1000000000000_0000000000,5.487614161893303
Trill200.wav,-1,75,Eb With octave key,1010110000000_1100110000,77,F With octave key,1010110000000_1000000000,5.0132635822035985
Trill201.wav,30,78,F# With octave key (Chromatic),1010110000000_1001000000,90,High F# (side),1000000000111_0010000100,1.0429175642948203
Trill202.wav,42,59,Low B,0010110010000_1100101000,77,F With octave key,1010110000000_1000000000,0.9251322036753197
Trill203.wav,39,79,G With octave key,1010110000000_0000000000,81,A With octave key,1010100000000_0000000000,4.753127100151922
Trill204.wav,37,72,C Without octave key,0000100000000_0000000000,75,Eb With octave key,1010110000000_1100110000,3.9723462837674486
Trill205.wav,35,77,F With octave key,1010110000000_1000000000,90,High F# (side),1000000000111_0010000100,1.27497721827175
Trill206.wav,43,61,Low C#,0010110100000_1100101000,84,C With octave key,1000100000000_0000000000,1.2012482453671076
Trill207.wav,48,66,F# Without octave key (main),0010110000000_0100000000,82,Bb With octave key (side key),1010100000000_0000000001,2.0495831644562506
Trill208.wav,43,59,Low B,0010110010000_1100101000,81,A With octave key,1010100000000_0000000000,1.1067360065367882
Trill209.wav,46,62,D Without octave key,0010110000000_1100100000,90,High F# (front),1100100000000_0010000000,0.9432747223682906
Trill210.wav,38,86,High D,1000000000001_0000000000,87,High Eb,1000000000011_0000000000,5.136297885463362
Trill211.wav,47,69,A Without octave key,0010100000000_0000000000,82,Bb With octave key (side key),1010100000000_0000000001,2.300459553616326
Trill212.wav,35,79,G With octave key,1010110000000_0000000000,90,High F# (side),1000000000111_0010000100,1.4463866580181608
Trill213.wav,-1,60,Low C,0010110000000_1100101000,65,F Without octave key,0010110000000_1000000000,3.0726483574981462
Trill214.wav,38,89,High F (side),1000000000111_0000000100,90,High F# (side),1000000000111_0010000100,4.5641704962088125
Trill215.wav,37,73,C# Without octave key,0000000000000_0000000000,74,D With octave key,1010110000000_1100100000,3.9978002121422787
Trill216.wav,47,70,Bb Without octave key (Bis key),0011100000000_0000000000,82,Bb With octave key (side key),1010100000000_0000000001,2.371453056786891
Trill217.wav,47,68,G# Without octave key (default),0010111000000_0000000000,82,Bb With octave key (side key),1010100000000_0000000001,1.9099992656672835
Trill218.wav,42,59,Low B,0010110010000_1100101000,78,F# With octave key (main),1010110000000_0100000000,1.039137795238071
Trill219.wav,-1,81,A With octave key,1010100000000_0000000000,88,High E,1000000000011_0000000100,2.0192286349606756
Trill220.wav,37,73,C# Without octave key,0000000000000_0000000000,75,Eb With octave key,1010110000000_1100110000,3.395390573797136
Trill221.wav,45,81,A With octave key,1010100000000_0000000000,89,High F (side),1000000000111_0000000100,1.7172327571619703
Trill222.wav,44,62,D Without octave key,0010110000000_1100100000,82,Bb With octave key (side key),1010100000000_0000000001,1.541501562727058
Trill223.wav,37,72,C Without octave key,0000100000000_0000000000,74,D With octave key,1010110000000_1100100000,3.5133344679574408
Trill224.wav,39,83,B With octave key,1010000000000_0000000000,85,C# With octave key,1000000000000_0000000000,5.231645790470714
Trill225.wav,45,81,A With octave key,1010100000000_0000000000,90,High F# (side),1000000000111_0010000100,1.6314065169578027
Trill226.wav,38,88,High E,1000000000011_0000000100,90,High F# (side),1000000000111_0010000100,4.512319711263491
Trill227.wav,42,58,Low Bb,0010110001000_1100101000,76,E With octave key,1010110000000_1100000000,0.8719436785426339
Trill228.wav,44,64,E Without octave key,0010110000000_1100000000,82,Bb With octave key (side key),1010100000000_0000000001,1.3379638990878597
Trill229.wav,39,81,A With octave key,1010100000000_0000000000,83,B With octave key,1010000000000_0000000000,4.878754084668159
Trill230.wav,42,60,Low C,0010110000000_1100101000,78,F# With octave key (main),1010110000000_0100000000,1.319528599460761
Trill231.wav,40,67,G Without octave key,0010110000000_0000000000,87,High Eb,1000000000011_0000000000,1.6387746409197361
Trill232.wav,42,61,Low C#,0010110100000_1100101000,79,G With octave key,1010110000000_0000000000,1.3754642120058946
Trill233.wav,40,66,F# Without octave key (Chromatic),0010110000000_1001000000,86,High D,1000000000001_0000000000,1.4418328586450821
Trill234.wav,43,61,Low C#,0010110100000_1100101000,83,B With octave key,1010000000000_0000000000,1.1523045945578814
Trill235.wav,45,82,Bb With octave key (Bis key),1011100000000_0000000000,89,High F (side),1000000000111_0000000100,1.783934517313617
Trill236.wav,45,82,Bb With octave key (Bis key),1011100000000_0000000000,90,High F# (side),1000000000111_0010000100,1.5624533357996706
Trill237.wav,-1,62,D Without octave key,0010110000000_1100100000,74,D With octave key,1010110000000_1100100000,1.419435864992754
Trill238.wav,43,60,Low C,0010110000000_1100101000,83,B With octave key,1010000000000_0000000000,1.5831595202292257
Trill239.wav,39,82,Bb With octave key (Bis key),1011100000000_0000000000,84,C With octave key,1000100000000_0000000000,2.8716887334443757
Trill240.wav,-1,67,G Without octave key,0010110000000_0000000000,68,G# Without octave key (default),0010111000000_0000000000,5.10119888633376
Trill241.wav,41,68,G# Without octave key (default),0010111000000_0000000000,86,High D,1000000000001_0000000000,1.7558995375338848
Trill242.wav,48,66,F# Without octave key (Chromatic),0010110000000_1001000000,82,Bb With octave key (side key),1010100000000_0000000001,1.4298858642572063
Trill243.wav,43,61,Low C#,0010110100000_1100101000,82,Bb With octave key (Bis key),1011100000000_0000000000,1.517572195782302
Trill244.wav,39,79,G With octave key,1010110000000_0000000000,80,G# With octave key (default),1010111000000_0000000000,3.9944087784691535
Trill245.wav,38,89,High F (front),1100100000000_0000000000,90,High F# (front),1100100000000_0010000000,5.802199642634906
Trill246.wav,40,66,F# Without octave key (main),0010110000000_0100000000,86,High D,1000000000001_0000000000,1.7152729108644664
Trill247.wav,48,67,G Without octave key,0010110000000_0000000000,82,Bb With octave key (side key),1010100000000_0000000001,1.8806681773161573
Trill248.wav,41,67,G Without octave key,0010110000000_0000000000,86,High D,1000000000001_0000000000,1.9946465092309167
Trill249.wav,35,78,F# With octave key (main),1010110000000_0100000000,90,High F# (side),1000000000111_0010000100,1.547948987072871
Trill250.wav,45,83,B With octave key,1010000000000_0000000000,90,High F# (side),1000000000111_0010000100,1.8038652452927042
Trill251.wav,48,65,F Without octave key,0010110000000_1000000000,82,Bb With octave key (side key),1010100000000_0000000001,1.9891675222666259
Trill127.wav,33,65,F Without octave key,0010110000000_1000000000,86,High D,1000000000001_0000000000,1.8082907165053856
Trill128.wav,36,58,Low Bb,0010110001000_1100101000,79,G With octave key,1010110000000_0000000000,1.1269417755418762
Trill129.wav,26,64,E Without octave key,0010110000000_1100000000,67,G Without octave key,0010110000000_0000000000,5.480810892358103
Trill130.wav,26,63,Eb Without octave key,0010110000000_1100110000,66,F# Without octave key (main),0010110000000_0100000000,4.161412742433939
Trill131.wav,29,58,Low Bb,0010110001000_1100101000,82,Bb With octave key (Bis key),1011100000000_0000000000,1.1171735593436427
Trill132.wav,35,76,E With octave key,1010110000000_1100000000,88,High E,1000000000011_0000000100,1.9070184550316467
Trill133.wav,27,71,B Without octave key,0010000000000_0000000000,72,C Without octave key,0000100000000_0000000000,3.435381143869024
Trill134.wav,33,66,F# Without octave key (Chromatic),0010110000000_1001000000,87,High Eb,1000000000011_0000000000,1.705598826719184
Trill135.wav,-1,60,Low C,0010110000000_1100101000,65,F Without octave key,0010110000000_1000000000,3.7989924256790286
Trill136.wav,32,58,Low Bb,0010110001000_1100101000,80,G# With octave key (default),1010111000000_0000000000,1.8971862642381596
Trill137.wav,28,60,Low C,0010110000000_1100101000,89,High F (front),1100100000000_0000000000,1.1236668218000145
Trill138.wav,36,59,Low B,0010110010000_1100101000,79,G With octave key,1010110000000_0000000000,1.4568247305318847
Trill139.wav,29,58,Low Bb,0010110001000_1100101000,83,B With octave key,1010000000000_0000000000,1.774531872812432
Trill140.wav,29,59,Low B,0010110010000_1100101000,83,B With octave key,1010000000000_0000000000,1.6881269728889934
Trill141.wav,-1,81,A With octave key,1010100000000_0000000000,88,High E,1000000000011_0000000100,1.9904748353990966
Trill142.wav,29,59,Low B,0010110010000_1100101000,84,C With octave key,1000100000000_0000000000,1.2628611533576026
Trill143.wav,26,66,F# Without octave key (main),0010110000000_0100000000,66,F# Without octave key (Chromatic),0010110000000_1001000000,-0.01918868274022175
Trill144.wav,26,63,Eb Without octave key,0010110000000_1100110000,65,F Without octave key,0010110000000_1000000000,5.40249748273324
Trill145.wav,35,76,E With octave key,1010110000000_1100000000,89,High F (side),1000000000111_0000000100,0.9357258773133659
Trill146.wav,27,70,Bb Without octave key (Bis key),0011100000000_0000000000,71,B Without octave key,0010000000000_0000000000,3.1836780475130975
Trill147.wav,33,65,F Without octave key,0010110000000_1000000000,87,High Eb,1000000000011_0000000000,1.6932971743432745
Trill148.wav,35,78,F# With octave key (main),1010110000000_0100000000,89,High F (side),1000000000111_0000000100,1.394851429986055
Trill149.wav,35,78,F# With octave key (Chromatic),1010110000000_1001000000,89,High F (side),1000000000111_0000000100,1.6342388238694618
Trill150.wav,-1,75,Eb With octave key,1010110000000_1100110000,77,F With octave key,1010110000000_1000000000,5.354655983840997
Trill151.wav,33,64,E Without octave key,0010110000000_1100000000,87,High Eb,1000000000011_0000000000,1.7368618332528099
Trill152.wav,34,78,F# With octave key (main),1010110000000_0100000000,88,High E,1000000000011_0000000100,1.8544284908488775
Trill153.wav,-1,67,G Without octave key,0010110000000_0000000000,68,G# Without octave key (default),0010111000000_0000000000,6.00490798457809
Trill154.wav,27,70,Bb Without octave key (side key),0010100000000_0000000001,71,B Without octave key,0010000000000_0000000000,5.168464118609356
Trill155.wav,34,79,G With octave key,1010110000000_0000000000,89,High F (side),1000000000111_0000000100,1.8438953538134748
Trill156.wav,27,68,G# Without octave key (default),0010111000000_0000000000,69,A Without octave key,0010100000000_0000000000,5.100278094150489
Trill157.wav,35,77,F With octave key,1010110000000_1000000000,88,High E,1000000000011_0000000100,2.298633815089216
Trill158.wav,31,75,Eb With octave key,1010110000000_1100110000,88,High E,1000000000011_0000000100,1.8000606556628567
Trill159.wav,34,80,G# With octave key (default),1010111000000_0000000000,89,High F (side),1000000000111_0000000100,1.7860202089656627
Trill160.wav,26,75,Eb With octave key,1010110000000_1100110000,77,F With octave key,1010110000000_1000000000,4.815078351786472
Trill161.wav,26,64,E Without octave key,0010110000000_1100000000,66,F# Without octave key (Chromatic),0010110000000_1001000000,1.8971871989793585
Trill162.wav,-1,79,G With octave key,1010110000000_0000000000,84,C With octave key,1000100000000_0000000000,3.651352795055042
Trill163.wav,32,59,Low B,0010110010000_1100101000,80,G# With octave key (default),1010111000000_0000000000,1.7492987035986578
Trill164.wav,34,80,G# With octave key (default),1010111000000_0000000000,88,High E,1000000000011_0000000100,1.9714248087052055
Trill165.wav,27,70,Bb Without octave key (side key),0010100000000_0000000001,70,Bb Without octave key (Bis key),0011100000000_0000000000,-0.012877703067122947
Trill166.wav,34,79,G With octave key,1010110000000_0000000000,88,High E,1000000000011_0000000100,1.7537842416851694
Trill167.wav,-1,62,D Without octave key,0010110000000_1100100000,74,D With octave key,1010110000000_1100100000,1.6240021421279367
Trill168.wav,36,61,Low C#,0010110100000_1100101000,81,A With octave key,1010100000000_0000000000,1.875853673803429
Trill169.wav,36,60,Low C,0010110000000_1100101000,81,A With octave key,1010100000000_0000000000,1.548754192896202
Trill170.wav,29,61,Low C#,0010110100000_1100101000,85,C# With octave key,1000000000000_0000000000,1.583373939118256
Trill171.wav,26,66,F# Without octave key (Chromatic),0010110000000_1001000000,68,G# Without octave key (default),0010111000000_0000000000,3.664052569509307
Trill172.wav,27,72,C Without octave key,0000100000000_0000000000,73,C# Without octave key,0000000000000_0000000000,6.124158989645464
Trill173.wav,26,62,D Without octave key,0010110000000_1100100000,65,F Without octave key,0010110000000_1000000000,6.270118783611336
Trill174.wav,27,69,A Without octave key,0010100000000_0000000000,70,Bb Without octave key (Bis key),0011100000000_0000000000,5.863165309879854
Trill175.wav,28,61,Low C#,0010110100000_1100101000,89,High F (front),1100100000000_0000000000,1.0610565925226403
Trill176.wav,36,58,Low Bb,0010110001000_1100101000,78,F# With octave key (main),1010110000000_0100000000,1.7436304936569882
Trill177.wav,29,60,Low C,0010110000000_1100101000,84,C With octave key,1000100000000_0000000000,1.4019985017972765
Trill178.wav,33,64,E Without octave key,0010110000000_1100000000,86,High D,1000000000001_0000000000,1.6567251048078382
Trill179.wav,34,78,F# With octave key (Chromatic),1010110000000_1001000000,88,High E,1000000000011_0000000100,1.9688491567153803
Trill180.wav,36,60,Low C,0010110000000_1100101000,80,G# With octave key (default),1010111000000_0000000000,1.6839729746495804
Trill181.wav,31,75,Eb With octave key,1010110000000_1100110000,89,High F (side),1000000000111_0000000100,1.6151651927130626
Trill182.wav,33,66,F# Without octave key (main),0010110000000_0100000000,87,High Eb,1000000000011_0000000000,1.8091909541583617
Trill183.wav,35,77,F With octave key,1010110000000_1000000000,89,High F (side),1000000000111_0000000100,1.7366392147008942
Trill184.wav,29,60,Low C,0010110000000_1100101000,85,C# With octave key,1000000000000_0000000000,1.0610567501346628
Trill252.wav,-1,62,D Without octave key,0010110000000_1100100000,74,D With octave key,1010110000000_1100100000,1.591654377920288
Trill253.wav,49,66,F# Without octave key (main),0010110000000_0100000000,69,A Without octave key,0010100000000_0000000000,3.9733470069547443
Trill254.wav,-1,67,G Without octave key,0010110000000_0000000000,68,G# Without octave key (default),0010111000000_0000000000,4.765159539998044
Trill255.wav,59,85,C# With octave key,1000000000000_0000000000,89,High F (side),1000000000111_0000000100,3.281388601870565
Trill256.wav,51,64,E Without octave key,0010110000000_1100000000,89,High F (front),1100100000000_0000000000,1.840892832323843
Trill257.wav,58,59,Low B,0010110010000_1100101000,73,C# Without octave key,0000000000000_0000000000,1.9826587954600565
Trill258.wav,52,59,Low B,0010110010000_1100101000,78,F# With octave key (Chromatic),1010110000000_1001000000,1.288180860888347
Trill259.wav,50,77,F With octave key,1010110000000_1000000000,81,A With octave key,1010100000000_0000000000,4.401524260751554
Trill260.wav,50,77,F With octave key,1010110000000_1000000000,80,G# With octave key (default),1010111000000_0000000000,4.7021877359281685
Trill261.wav,57,61,Low C#,0010110100000_1100101000,78,F# With octave key (Chromatic),1010110000000_1001000000,1.7929442234504727
Trill262.wav,55,72,C Without octave key,0000100000000_0000000000,86,High D,1000000000001_0000000000,1.898977577522191
Trill263.wav,56,60,Low C,0010110000000_1100101000,77,F With octave key,1010110000000_1000000000,2.5599095357217356
Trill264.wav,59,82,Bb With octave key (Bis key),1011100000000_0000000000,88,High E,1000000000011_0000000100,2.420836141979206
Trill265.wav,53,70,Bb Without octave key (side key),0010100000000_0000000001,87,High Eb,1000000000011_0000000000,1.8130144090691258
Trill266.wav,52,61,Low C#,0010110100000_1100101000,80,G# With octave key (default),1010111000000_0000000000,2.205657773072136
Trill267.wav,54,65,F Without octave key,0010110000000_1000000000,89,High F (front),1100100000000_0000000000,1.764804480297519
Trill268.wav,55,71,B Without octave key,0010000000000_0000000000,86,High D,1000000000001_0000000000,2.1432122481299087
Trill269.wav,58,58,Low Bb,0010110001000_1100101000,72,C Without octave key,0000100000000_0000000000,2.0840395977135615
Trill270.wav,59,83,B With octave key,1010000000000_0000000000,89,High F (side),1000000000111_0000000100,2.1800226874331816
Trill271.wav,50,78,F# With octave key (main),1010110000000_0100000000,80,G# With octave key (default),1010111000000_0000000000,4.339571245150429
Trill272.wav,49,65,F Without octave key,0010110000000_1000000000,69,A Without octave key,0010100000000_0000000000,4.143004361971433
Trill273.wav,56,61,Low C#,0010110100000_1100101000,77,F With octave key,1010110000000_1000000000,1.9692360053126086
Trill274.wav,53,70,Bb Without octave key (side key),0010100000000_0000000001,86,High D,1000000000001_0000000000,3.3627572737369285
Trill275.wav,57,60,Low C,0010110000000_1100101000,78,F# With octave key (Chromatic),1010110000000_1001000000,1.5131789550160304
Trill276.wav,51,64,E Without octave key,0010110000000_1100000000,90,High F# (front),1100100000000_0010000000,1.9792865008167286
Trill277.wav,59,82,Bb With octave key (side key),1010100000000_0000000001,87,High Eb,1000000000011_0000000000,2.611132688540547
Trill278.wav,53,69,A Without octave key,0010100000000_0000000000,87,High Eb,1000000000011_0000000000,2.2636437895472583
Trill279.wav,49,66,F# Without octave key (Chromatic),0010110000000_1001000000,69,A Without octave key,0010100000000_0000000000,4.816636999843429
Trill280.wav,49,62,D Without octave key,0010110000000_1100100000,66,F# Without octave key (main),0010110000000_0100000000,3.5327122638684187
Trill281.wav,49,65,F Without octave key,0010110000000_1000000000,68,G# Without octave key (default),0010111000000_0000000000,4.305522641642942
Trill282.wav,49,66,F# Without octave key (Chromatic),0010110000000_1001000000,70,Bb Without octave key (side key),0010100000000_0000000001,2.328390882868422
Trill283.wav,52,58,Low Bb,0010110001000_1100101000,78,F# With octave key (Chromatic),1010110000000_1001000000,2.0100523432942583
Trill284.wav,59,82,Bb With octave key (side key),1010100000000_0000000001,86,High D,1000000000001_0000000000,2.9132423946643287
Trill285.wav,59,84,C With octave key,1000100000000_0000000000,90,High F# (side),1000000000111_0010000100,2.2549748284694675
Trill286.wav,54,66,F# Without octave key (main),0010110000000_0100000000,89,High F (front),1100100000000_0000000000,1.942906070208926
Trill287.wav,50,78,F# With octave key (main),1010110000000_0100000000,81,A With octave key,1010100000000_0000000000,3.502615957944677
Trill288.wav,54,67,G Without octave key,0010110000000_0000000000,90,High F# (front),1100100000000_0010000000,1.8086836769883392
Trill289.wav,54,66,F# Without octave key (Chromatic),0010110000000_1001000000,89,High F (front),1100100000000_0000000000,2.26149807060016
Trill290.wav,53,69,A Without octave key,0010100000000_0000000000,86,High D,1000000000001_0000000000,2.4558137151087482
Trill291.wav,59,85,C# With octave key,1000000000000_0000000000,90,High F# (side),1000000000111_0010000100,4.002002601825203
Trill292.wav,58,58,Low Bb,0010110001000_1100101000,73,C# Without octave key,0000000000000_0000000000,2.0995617912044504
Trill293.wav,59,84,C With octave key,1000100000000_0000000000,89,High F (side),1000000000111_0000000100,1.7143028770320352
Trill294.wav,53,70,Bb Without octave key (Bis key),0011100000000_0000000000,86,High D,1000000000001_0000000000,2.19915847353321
Trill295.wav,59,85,C# With octave key,1000000000000_0000000000,88,High E,1000000000011_0000000100,5.44681950276046
Trill296.wav,-1,79,G With octave key,1010110000000_0000000000,84,C With octave key,1000100000000_0000000000,4.020925626425265
Trill297.wav,54,66,F# Without octave key (main),0010110000000_0100000000,90,High F# (front),1100100000000_0010000000,1.2107694489982928
Trill298.wav,-1,60,Low C,0010110000000_1100101000,65,F Without octave key,0010110000000_1000000000,4.053744918616411
Trill299.wav,49,66,F# Without octave key (Chromatic),0010110000000_1001000000,70,Bb Without octave key (Bis key),0011100000000_0000000000,4.254981803604137
Trill300.wav,56,61,Low C#,0010110100000_1100101000,78,F# With octave key (main),1010110000000_0100000000,2.558232780517588
Trill301.wav,50,81,A With octave key,1010100000000_0000000000,84,C With octave key,1000100000000_0000000000,5.928881704719164
Trill302.wav,-1,75,Eb With octave key,1010110000000_1100110000,77,F With octave key,1010110000000_1000000000,5.0903258388334685
Trill303.wav,49,64,E Without octave key,0010110000000_1100000000,68,G# Without octave key (default),0010111000000_0000000000,4.364843217123922
Trill304.wav,49,66,F# Without octave key (main),0010110000000_0100000000,70,Bb Without octave key (side key),0010100000000_0000000001,2.554358701867745
Trill305.wav,56,59,Low B,0010110010000_1100101000,76,E With octave key,1010110000000_1100000000,2.1947552741198897
Trill306.wav,53,70,Bb Without octave key (Bis key),0011100000000_0000000000,87,High Eb,1000000000011_0000000000,2.1309709669501444
Trill307.wav,51,62,D Without octave key,0010110000000_1100100000,89,High F (front),1100100000000_0000000000,2.1656187345695184
Trill308.wav,49,66,F# Without octave key (main),0010110000000_0100000000,70,Bb Without octave key (Bis key),0011100000000_0000000000,3.324245866708798
Trill309.wav,59,83,B With octave key,1010000000000_0000000000,88,High E,1000000000011_0000000100,2.5218105156178052
Trill310.wav,51,65,F Without octave key,0010110000000_1000000000,90,High F# (front),1100100000000_0010000000,1.863971642201882
Trill311.wav,55,72,C Without octave key,0000100000000_0000000000,87,High Eb,1000000000011_0000000000,2.3738620684652725
Trill312.wav,59,84,C With octave key,1000100000000_0000000000,88,High E,1000000000011_0000000100,1.995896130005674
Trill314.wav,55,71,B Without octave key,0010000000000_0000000000,87,High Eb,1000000000011_0000000000,2.1814372753454347
Trill315.wav,-1,81,A With octave key,1010100000000_0000000000,88,High E,1000000000011_0000000100,2.0685466360439637
Trill316.wav,51,63,Eb Without octave key,0010110000000_1100110000,89,High F (front),1100100000000_0000000000,1.6488228436962995
Trill64.wav,-1,79,G With octave key,1010110000000_0000000000,84,C With octave key,1000100000000_0000000000,4.459980843136138
Trill65.wav,13,76,E With octave key,1010110000000_1100000000,78,F# With octave key (main),1010110000000_0100000000,4.2310584119771315
Trill66.wav,22,63,Eb Without octave key,0010110000000_1100110000,87,High Eb,1000000000011_0000000000,2.1715931381300813
Trill67.wav,24,75,Eb With octave key,1010110000000_1100110000,90,High F# (side),1000000000111_0010000100,1.3268059074420055
Trill68.wav,13,78,F# With octave key (main),1010110000000_0100000000,78,F# With octave key (Chromatic),1010110000000_1001000000,-0.19724436535454756
Trill69.wav,21,59,Low B,0010110010000_1100101000,85,C# With octave key,1000000000000_0000000000,1.544098794899148
Trill70.wav,13,77,F With octave key,1010110000000_1000000000,79,G With octave key,1010110000000_0000000000,6.063625223670763
Trill71.wav,-1,62,D Without octave key,0010110000000_1100100000,74,D With octave key,1010110000000_1100100000,1.5823549984194574
Trill72.wav,-1,81,A With octave key,1010100000000_0000000000,88,High E,1000000000011_0000000100,3.1704990611350996
Trill73.wav,13,76,E With octave key,1010110000000_1100000000,77,F With octave key,1010110000000_1000000000,5.942738614031479
Trill74.wav,12,73,C# Without octave key,0000000000000_0000000000,77,F With octave key,1010110000000_1000000000,3.7114033983998445
Trill75.wav,13,78,F# With octave key (main),1010110000000_0100000000,79,G With octave key,1010110000000_0000000000,6.451387329298562
Trill76.wav,23,60,Low C,0010110000000_1100101000,82,Bb With octave key (side key),1010100000000_0000000001,2.183316887444367
Trill77.wav,16,70,Bb Without octave key (Bis key),0011100000000_0000000000,89,High F (side),1000000000111_0000000100,1.9949202157165553
Trill78.wav,13,74,D With octave key,1010110000000_1100100000,75,Eb With octave key,1010110000000_1100110000,6.0098153137484145
Trill79.wav,20,73,C# Without octave key,0000000000000_0000000000,90,High F# (side),1000000000111_0010000100,2.0659951799688163
Trill80.wav,16,70,Bb Without octave key (side key),0010100000000_0000000001,88,High E,1000000000011_0000000100,2.0711491891538296
Trill81.wav,-1,67,G Without octave key,0010110000000_0000000000,68,G# Without octave key (default),0010111000000_0000000000,4.95987363317673
Trill82.wav,22,62,D Without octave key,0010110000000_1100100000,86,High D,1000000000001_0000000000,1.8859079494420992
Trill83.wav,13,78,F# With octave key (Chromatic),1010110000000_1001000000,79,G With octave key,1010110000000_0000000000,5.802935573318943
Trill84.wav,19,76,E With octave key,1010110000000_1100000000,90,High F# (side),1000000000111_0010000100,1.5128335767049894
Trill85.wav,15,59,Low B,0010110010000_1100101000,59,Low B,0010110010000_1100101000,1.7627373374648903
Trill86.wav,20,73,C# Without octave key,0000000000000_0000000000,89,High F (side),1000000000111_0000000100,1.7209849827016526
Trill87.wav,21,58,Low Bb,0010110001000_1100101000,85,C# With octave key,1000000000000_0000000000,1.30695523856153
Trill88.wav,-1,75,Eb With octave key,1010110000000_1100110000,77,F With octave key,1010110000000_1000000000,4.068973047117537
Trill89.wav,17,69,A Without octave key,0010100000000_0000000000,89,High F (side),1000000000111_0000000100,1.8969094222507628
Trill90.wav,17,70,Bb Without octave key (side key),0010100000000_0000000001,90,High F# (side),1000000000111_0010000100,1.425116499140353
Trill91.wav,13,74,D With octave key,1010110000000_1100100000,76,E With octave key,1010110000000_1100000000,5.00218511389768
Trill92.wav,16,69,A Without octave key,0010100000000_0000000000,88,High E,1000000000011_0000000100,1.9482764479342756
Trill93.wav,16,70,Bb Without octave key (Bis key),0011100000000_0000000000,88,High E,1000000000011_0000000100,2.120931353475183
Trill94.wav,17,69,A Without octave key,0010100000000_0000000000,90,High F# (side),1000000000111_0010000100,1.9937663859755579
Trill95.wav,23,61,Low C#,0010110100000_1100101000,82,Bb With octave key (side key),1010100000000_0000000001,1.9245145541922266
Trill96.wav,13,77,F With octave key,1010110000000_1000000000,78,F# With octave key (Chromatic),1010110000000_1001000000,5.802608040766333
Trill97.wav,15,58,Low Bb,0010110001000_1100101000,89,High F (front),1100100000000_0000000000,1.285618486762319
Trill98.wav,20,73,C# Without octave key,0000000000000_0000000000,88,High E,1000000000011_0000000100,2.197720758979377
Trill99.wav,16,70,Bb Without octave key (side key),0010100000000_0000000001,89,High F (side),1000000000111_0000000100,2.071867316851297
Trill100.wav,13,75,Eb With octave key,1010110000000_1100110000,76,E With octave key,1010110000000_1100000000,3.9587189408188523
Trill101.wav,22,62,D Without octave key,0010110000000_1100100000,87,High Eb,1000000000011_0000000000,1.9690372495700308
Trill102.wav,18,60,Low C,0010110000000_1100101000,86,High D,1000000000001_0000000000,2.232778341310628
Trill103.wav,12,73,C# Without octave key,0000000000000_0000000000,76,E With octave key,1010110000000_1100000000,3.811963081700663
Trill104.wav,25,61,Low C#,0010110100000_1100101000,90,High F# (front),1100100000000_0010000000,1.3698832124135556
Trill105.wav,13,77,F With octave key,1010110000000_1000000000,78,F# With octave key (main),1010110000000_0100000000,4.037902141223981
Trill106.wav,18,61,Low C#,0010110100000_1100101000,87,High Eb,1000000000011_0000000000,1.8257447742053818
Trill107.wav,14,59,Low B,0010110010000_1100101000,90,High F# (front),1100100000000_0010000000,0.9099722025369971
Trill108.wav,20,72,C Without octave key,0000100000000_0000000000,89,High F (side),1000000000111_0000000100,2.1104838917256488
Trill109.wav,19,74,D With octave key,1010110000000_1100100000,88,High E,1000000000011_0000000100,2.2809678743635007
Trill110.wav,21,58,Low Bb,0010110001000_1100101000,84,C With octave key,1000100000000_0000000000,1.4810428955618447
Trill111.wav,13,76,E With octave key,1010110000000_1100000000,78,F# With octave key (Chromatic),1010110000000_1001000000,2.837630739283421
Trill112.wav,12,73,C# Without octave key,0000000000000_0000000000,78,F# With octave key (Chromatic),1010110000000_1001000000,3.2140115401980784
Trill113.wav,18,61,Low C#,0010110100000_1100101000,86,High D,1000000000001_0000000000,1.9385322035821113
Trill114.wav,24,74,D With octave key,1010110000000_1100100000,90,High F# (side),1000000000111_0010000100,1.1651976796459376
Trill115.wav,19,74,D With octave key,1010110000000_1100100000,89,High F (side),1000000000111_0000000100,1.4659495593451854
Trill116.wav,12,73,C# Without octave key,0000000000000_0000000000,78,F# With octave key (main),1010110000000_0100000000,3.6595052443131926
Trill117.wav,-1,60,Low C,0010110000000_1100101000,65,F Without octave key,0010110000000_1000000000,2.731640523782285
Trill118.wav,20,71,B Without octave key,0010000000000_0000000000,88,High E,1000000000011_0000000100,2.379480449984268
Trill119.wav,25,60,Low C,0010110000000_1100101000,90,High F# (front),1100100000000_0010000000,0.9888825817178087
Trill120.wav,22,63,Eb Without octave key,0010110000000_1100110000,86,High D,1000000000001_0000000000,1.5679632829012622
Trill121.wav,16,71,B Without octave key,0010000000000_0000000000,89,High F (side),1000000000111_0000000100,1.9893901132747138
Trill122.wav,14,58,Low Bb,0010110001000_1100101000,90,High F# (front),1100100000000_0010000000,1.1532903128911185
Trill123.wav,20,72,C Without octave key,0000100000000_0000000000,88,High E,1000000000011_0000000100,2.1142403044588147
Trill124.wav,17,70,Bb Without octave key (Bis key),0011100000000_0000000000,90,High F# (side),1000000000111_0010000100,1.6720268571925214
Trill125.wav,16,72,C Without octave key,0000100000000_0000000000,90,High F# (side),1000000000111_0010000100,1.481011450010956
Trill126.wav,16,71,B Without octave key,0010000000000_0000000000,90,High F# (side),1000000000111_0010000100,1.5983413126723194
Trill313.wav,-1,79,G With octave key,1010110000000_0000000000,84,C With octave key,1000100000000_0000000000,3.1684713071802135
Trill317.wav,66,61,Low C#,0010110100000_1100101000,72,C Without octave key,0000100000000_0000000000,1.4712978565088812
Trill318.wav,60,68,G# Without octave key (default),0010111000000_0000000000,70,Bb Without octave key (side key),0010100000000_0000000001,3.600409852678915
Trill319.wav,-1,60,Low C,0010110000000_1100101000,65,F Without octave key,0010110000000_1000000000,2.910698073937039
Trill320.wav,72,89,High F (side),1000000000111_0000000100,90,High F# (front),1100100000000_0010000000,0.9231251047742159
Trill321.wav,69,68,G# Without octave key (default),0010111000000_0000000000,89,High F (front),1100100000000_0000000000,0.9289608733906606
Trill322.wav,60,71,B Without octave key,0010000000000_0000000000,73,C# Without octave key,0000000000000_0000000000,5.026395229258847
Trill323.wav,60,70,Bb Without octave key (Bis key),0011100000000_0000000000,73,C# Without octave key,0000000000000_0000000000,3.9961610840740542
Trill324.wav,60,67,G Without octave key,0010110000000_0000000000,70,Bb Without octave key (side key),0010100000000_0000000001,3.577466600934441
Trill325.wav,65,60,Low C,0010110000000_1100101000,76,E With octave key,1010110000000_1100000000,1.0798513226940178
Trill326.wav,72,88,High E,1000000000011_0000000100,90,High F# (front),1100100000000_0010000000,1.308130621065492
Trill327.wav,71,63,Eb Without octave key,0010110000000_1100110000,80,G# With octave key (default),1010111000000_0000000000,1.3229299912412793
Trill328.wav,60,70,Bb Without octave key (side key),0010100000000_0000000001,73,C# Without octave key,0000000000000_0000000000,4.473109356279346
Trill329.wav,64,58,Low Bb,0010110001000_1100101000,75,Eb With octave key,1010110000000_1100110000,0.8297236361088817
Trill330.wav,72,89,High F (front),1100100000000_0000000000,90,High F# (side),1000000000111_0010000100,1.284555124726461
Trill331.wav,61,74,D With octave key,1010110000000_1100100000,86,High D,1000000000001_0000000000,1.9838387573662037
Trill332.wav,71,63,Eb Without octave key,0010110000000_1100110000,79,G With octave key,1010110000000_0000000000,1.666722797392234
Trill333.wav,68,62,D Without octave key,0010110000000_1100100000,84,C With octave key,1000100000000_0000000000,1.4926352649187085
Trill334.wav,70,76,E With octave key,1010110000000_1100000000,87,High Eb,1000000000011_0000000000,1.812547902288119
Trill335.wav,69,68,G# Without octave key (default),0010111000000_0000000000,90,High F# (front),1100100000000_0010000000,1.0645643212487568
Trill336.wav,-1,75,Eb With octave key,1010110000000_1100110000,77,F With octave key,1010110000000_1000000000,4.295380228287739
Trill337.wav,60,67,G Without octave key,0010110000000_0000000000,70,Bb Without octave key (Bis key),0011100000000_0000000000,5.286588435310293
Trill338.wav,68,62,D Without octave key,0010110000000_1100100000,83,B With octave key,1010000000000_0000000000,1.5369142745536786
Trill339.wav,70,77,F With octave key,1010110000000_1000000000,87,High Eb,1000000000011_0000000000,1.921654183587144
Trill340.wav,68,63,Eb Without octave key,0010110000000_1100110000,84,C With octave key,1000100000000_0000000000,1.4727670695096264
Trill341.wav,66,60,Low C,0010110000000_1100101000,72,C Without octave key,0000100000000_0000000000,1.4453442727127388
Trill342.wav,60,70,Bb Without octave key (Bis key),0011100000000_0000000000,72,C Without octave key,0000100000000_0000000000,3.409685643569155
Trill343.wav,61,75,Eb With octave key,1010110000000_1100110000,87,High Eb,1000000000011_0000000000,1.9662430599961038
Trill344.wav,60,69,A Without octave key,0010100000000_0000000000,71,B Without octave key,0010000000000_0000000000,4.77231884742701
Trill345.wav,-1,81,A With octave key,1010100000000_0000000000,88,High E,1000000000011_0000000100,1.9820979831719983
Trill346.wav,60,68,G# Without octave key (default),0010111000000_0000000000,70,Bb Without octave key (Bis key),0011100000000_0000000000,4.519410056523471
Trill347.wav,66,59,Low B,0010110010000_1100101000,70,Bb Without octave key (Bis key),0011100000000_0000000000,1.3722337105933304
Trill348.wav,72,88,High E,1000000000011_0000000100,89,High F (front),1100100000000_0000000000,1.7363326624951148
Trill349.wav,66,59,Low B,0010110010000_1100101000,72,C Without octave key,0000100000000_0000000000,1.0698694074419552
Trill350.wav,65,61,Low C#,0010110100000_1100101000,76,E With octave key,1010110000000_1100000000,1.0785274391088826
Trill351.wav,60,70,Bb Without octave key (side key),0010100000000_0000000001,72,C Without octave key,0000100000000_0000000000,4.608922793625441
Trill352.wav,65,59,Low B,0010110010000_1100101000,74,D With octave key,1010110000000_1100100000,0.8447612247729316
Trill353.wav,68,62,D Without octave key,0010110000000_1100100000,82,Bb With octave key (Bis key),1011100000000_0000000000,1.4981924831507152
Trill354.wav,61,74,D With octave key,1010110000000_1100100000,87,High Eb,1000000000011_0000000000,1.9193154387761993
Trill355.wav,60,67,G Without octave key,0010110000000_0000000000,69,A Without octave key,0010100000000_0000000000,4.141472197175921
Trill356.wav,-1,62,D Without octave key,0010110000000_1100100000,74,D With octave key,1010110000000_1100100000,1.4202835087018753
Trill357.wav,67,62,D Without octave key,0010110000000_1100100000,85,C# With octave key,1000000000000_0000000000,1.6196660723678866
Trill358.wav,-1,67,G Without octave key,0010110000000_0000000000,68,G# Without octave key (default),0010111000000_0000000000,4.798622605558081
Trill359.wav,64,61,Low C#,0010110100000_1100101000,75,Eb With octave key,1010110000000_1100110000,1.372233757569708
Trill360.wav,69,67,G Without octave key,0010110000000_0000000000,89,High F (front),1100100000000_0000000000,1.3230663535765868
Trill361.wav,60,66,F# Without octave key (main),0010110000000_0100000000,68,G# Without octave key (default),0010111000000_0000000000,4.169442817695128
Trill362.wav,66,58,Low Bb,0010110001000_1100101000,70,Bb Without octave key (side key),0010100000000_0000000001,1.3248408524997957
Trill363.wav,65,58,Low Bb,0010110001000_1100101000,74,D With octave key,1010110000000_1100100000,1.0987294787411857
Trill364.wav,60,69,A Without octave key,0010100000000_0000000000,72,C Without octave key,0000100000000_0000000000,4.66990410337166
Trill365.wav,61,75,Eb With octave key,1010110000000_1100110000,86,High D,1000000000001_0000000000,1.9779987465307292
Trill366.wav,66,58,Low Bb,0010110001000_1100101000,71,B Without octave key,0010000000000_0000000000,1.4230250208367545
Trill367.wav,62,73,C# Without octave key,0000000000000_0000000000,87,High Eb,1000000000011_0000000000,1.9626427184385906
Trill368.wav,66,61,Low C#,0010110100000_1100101000,73,C# Without octave key,0000000000000_0000000000,1.7277575398927278
Trill369.wav,72,89,High F (side),1000000000111_0000000100,89,High F (front),1100100000000_0000000000,0.01877541058671798
Trill370.wav,66,60,Low C,0010110000000_1100101000,73,C# Without octave key,0000000000000_0000000000,1.2935884780095268
Trill372.wav,62,73,C# Without octave key,0000000000000_0000000000,86,High D,1000000000001_0000000000,1.8857807460752836
Trill373.wav,64,59,Low B,0010110010000_1100101000,75,Eb With octave key,1010110000000_1100110000,1.255224006753804
Trill374.wav,64,60,Low C,0010110000000_1100101000,75,Eb With octave key,1010110000000_1100110000,1.2221862175696412
Trill375.wav,71,62,D Without octave key,0010110000000_1100100000,79,G With octave key,1010110000000_0000000000,1.6196657969203114
Trill376.wav,72,90,High F# (side),1000000000111_0010000100,90,High F# (front),1100100000000_0010000000,1.1753590404799565
Trill377.wav,63,66,F# Without octave key (Chromatic),0010110000000_1001000000,90,High F# (front),1100100000000_0010000000,0.7628145533978393
Trill378.wav,70,76,E With octave key,1010110000000_1100000000,86,High D,1000000000001_0000000000,2.078916498209548
Trill379.wav,68,64,E Without octave key,0010110000000_1100000000,85,C# With octave key,1000000000000_0000000000,1.5143368444917868
Trill380.wav,66,59,Low B,0010110010000_1100101000,71,B Without octave key,0010000000000_0000000000,1.565288225184782
Trill381.wav,66,58,Low Bb,0010110001000_1100101000,70,Bb Without octave key (Bis key),0011100000000_0000000000,1.1564494887136905
Trill382.wav,67,63,Eb Without octave key,0010110000000_1100110000,85,C# With octave key,1000000000000_0000000000,1.6667230870719412
