Session,Cluster,Note 1 midi,Note 1 name,Note 1 encoding,Note 2 midi,Note 2 encoding,Note 2 encoding
0,27,63,Eb Without octave key,0010110000000_1100110000,77,F With octave key,1010110000000_1000000000
0,-1,58,Low Bb,0010110001000_1100101000,61,Low C#,0010110100000_1100101000
0,114,68,G# Without octave key (default),0010111000000_0000000000,78,F# With octave key (main),1010110000000_0100000000
0,134,75,Eb With octave key,1010110000000_1100110000,89,High F (front),1100100000000_0000000000
0,103,79,G With octave key,1010110000000_0000000000,83,B With octave key,1010000000000_0000000000
0,29,67,F# Without octave key (Chromatic),0010110000000_1001000000,68,G# Without octave key (default),0010111000000_0000000000
0,43,78,F# With octave key (Chromatic),1010110000000_1001000000,88,High E,1000000000011_0000000100
0,111,68,G# Without octave key (default),0010111000000_0000000000,86,High D,1000000000001_0000000000
0,53,62,D Without octave key,0010110000000_1100100000,68,G# Without octave key (default),0010111000000_0000000000
0,27,64,E Without octave key,0010110000000_1100000000,79,G With octave key,1010110000000_0000000000
0,111,68,G Without octave key,0010110000000_0000000000,87,High Eb,1000000000011_0000000000
0,134,76,E With octave key,1010110000000_1100000000,91,High F# (front),1100100000000_0010000000
0,43,78,F# With octave key (main),1010110000000_0100000000,88,High E,1000000000011_0000000100
0,29,67,F# Without octave key (Chromatic),0010110000000_1001000000,69,A Without octave key,0010100000000_0000000000
0,53,58,Low Bb,0010110001000_1100101000,65,F Without octave key,0010110000000_1000000000
0,-1,58,Low Bb,0010110001000_1100101000,59,Low B,0010110010000_1100101000
0,103,81,A With octave key,1010100000000_0000000000,85,C# With octave key,1000000000000_0000000000
0,114,66,F# Without octave key (main),0010110000000_0100000000,76,E With octave key,1010110000000_1100000000
0,27,61,Low C#,0010110100000_1100101000,76,E With octave key,1010110000000_1100000000
0,103,85,C# With octave key,1000000000000_0000000000,89,High F (front),1100100000000_0000000000
0,27,62,D Without octave key,0010110000000_1100100000,77,F With octave key,1010110000000_1000000000
0,109,62,D Without octave key,0010110000000_1100100000,83,B With octave key,1010000000000_0000000000
0,29,63,Eb Without octave key,0010110000000_1100110000,65,F Without octave key,0010110000000_1000000000
0,43,78,F# With octave key (main),1010110000000_0100000000,90,High F# (side),1000000000111_0010000100
0,114,68,G# Without octave key (default),0010111000000_0000000000,78,F# With octave key (Chromatic),1010110000000_1001000000
0,43,78,F# With octave key (main),1010110000000_0100000000,89,High F (side),1000000000111_0000000100
0,109,64,E Without octave key,0010110000000_1100000000,85,C# With octave key,1000000000000_0000000000
0,111,68,G Without octave key,0010110000000_0000000000,86,High D,1000000000001_0000000000
0,140,59,Low B,0010110010000_1100101000,83,B With octave key,1010000000000_0000000000
0,-1,58,Low Bb,0010110001000_1100101000,65,F Without octave key,0010110000000_1000000000
0,27,63,Eb Without octave key,0010110000000_1100110000,78,F# With octave key (main),1010110000000_0100000000
0,140,61,Low C#,0010110100000_1100101000,84,C With octave key,1000100000000_0000000000
0,53,63,Eb Without octave key,0010110000000_1100110000,70,Bb Without octave key (side key),0010100000000_0000000000
0,111,68,G# Without octave key (default),0010111000000_0000000000,87,High Eb,1000000000011_0000000000
0,53,59,Low B,0010110010000_1100101000,66,F# Without octave key (main),0010110000000_0100000000
0,43,77,F With octave key,1010110000000_1000000000,89,High F (side),1000000000111_0000000100
0,53,61,Low C#,0010110100000_1100101000,68,G Without octave key,0010110000000_0000000000
0,103,80,G# With octave key (default),1010111000000_0000000000,84,C With octave key,1000100000000_0000000000
0,140,58,Low Bb,0010110001000_1100101000,82,Bb With octave key (Bis key),1011100000000_0000000000
0,29,63,Eb Without octave key,0010110000000_1100110000,64,E Without octave key,0010110000000_1100000000
0,53,63,Eb Without octave key,0010110000000_1100110000,69,A Without octave key,0010100000000_0000000000
0,43,78,F# With octave key (Chromatic),1010110000000_1001000000,89,High F (side),1000000000111_0000000100
0,103,79,G With octave key,1010110000000_0000000000,84,C With octave key,1000100000000_0000000000
0,43,80,G# With octave key (default),1010111000000_0000000000,90,High F# (side),1000000000111_0010000100
0,134,74,D With octave key,1010110000000_1100100000,89,High F (front),1100100000000_0000000000
0,5,75,Eb With octave key,1010110000000_1100110000,82,Bb With octave key (side key),1010100000000_0000000001
0,29,67,F# Without octave key (Chromatic),0010110000000_1001000000,68,G Without octave key,0010110000000_0000000000
0,43,77,F With octave key,1010110000000_1000000000,88,High E,1000000000011_0000000100
0,140,61,Low C#,0010110100000_1100101000,85,C# With octave key,1000000000000_0000000000
0,114,64,E Without octave key,0010110000000_1100000000,74,D With octave key,1010110000000_1100100000
0,109,62,D Without octave key,0010110000000_1100100000,82,Bb With octave key (Bis key),1011100000000_0000000000
0,-1,58,Low Bb,0010110001000_1100101000,60,Low C,0010110000000_1100101000
0,140,59,Low B,0010110010000_1100101000,82,Bb With octave key (Bis key),1011100000000_0000000000
0,-1,58,Low Bb,0010110001000_1100101000,63,Eb Without octave key,0010110000000_1100110000
0,103,84,C With octave key,1000100000000_0000000000,89,High F (front),1100100000000_0000000000
0,29,66,F# Without octave key (main),0010110000000_0100000000,67,F# Without octave key (Chromatic),0010110000000_1001000000
0,5,74,D With octave key,1010110000000_1100100000,82,Bb With octave key (side key),1010100000000_0000000001
0,53,63,Eb Without octave key,0010110000000_1100110000,70,Bb Without octave key (Bis key),0011100000000_0000000000
0,43,76,E With octave key,1010110000000_1100000000,88,High E,1000000000011_0000000100
0,114,68,G Without octave key,0010110000000_0000000000,78,F# With octave key (Chromatic),1010110000000_1001000000
0,114,68,G Without octave key,0010110000000_0000000000,77,F With octave key,1010110000000_1000000000
0,-1,58,Low Bb,0010110001000_1100101000,64,E Without octave key,0010110000000_1100000000
0,128,60,Low C,0010110000000_1100101000,82,Bb With octave key (side key),1010100000000_0000000001
0,109,64,E Without octave key,0010110000000_1100000000,84,C With octave key,1000100000000_0000000000
0,27,60,Low C,0010110000000_1100101000,76,E With octave key,1010110000000_1100000000
0,140,62,D Without octave key,0010110000000_1100100000,85,C# With octave key,1000000000000_0000000000
0,53,62,D Without octave key,0010110000000_1100100000,69,A Without octave key,0010100000000_0000000000
0,114,68,G Without octave key,0010110000000_0000000000,78,F# With octave key (main),1010110000000_0100000000
0,27,62,D Without octave key,0010110000000_1100100000,78,F# With octave key (main),1010110000000_0100000000
0,114,67,F# Without octave key (Chromatic),0010110000000_1001000000,77,F With octave key,1010110000000_1000000000
0,53,59,Low B,0010110010000_1100101000,65,F Without octave key,0010110000000_1000000000
0,29,65,F Without octave key,0010110000000_1000000000,66,F# Without octave key (main),0010110000000_0100000000
0,-1,58,Low Bb,0010110001000_1100101000,62,D Without octave key,0010110000000_1100100000
0,-1,58,Low Bb,0010110001000_1100101000,66,F# Without octave key (main),0010110000000_0100000000
0,109,65,F Without octave key,0010110000000_1000000000,85,C# With octave key,1000000000000_0000000000
0,43,79,G With octave key,1010110000000_0000000000,90,High F# (side),1000000000111_0010000100
1,38,61,Low C#,0010110100000_1100101000,64,E Without octave key,0010110000000_1100000000
1,34,73,C# Without octave key,0000000000000_0000000000,91,High F# (front),1100100000000_0010000000
1,135,78,F# With octave key (main),1010110000000_0100000000,80,G# With octave key (default),1010111000000_0000000000
1,34,66,F# Without octave key (main),0010110000000_0100000000,84,C With octave key,1000100000000_0000000000
1,83,69,A Without octave key,0010100000000_0000000000,89,High F (front),1100100000000_0000000000
1,145,81,A With octave key,1010100000000_0000000000,90,High F# (side),1000000000111_0010000100
1,34,65,F Without octave key,0010110000000_1000000000,84,C With octave key,1000100000000_0000000000
1,44,68,G# Without octave key (default),0010111000000_0000000000,89,High F (front),1100100000000_0000000000
1,41,76,E With octave key,1010110000000_1100000000,89,High F (front),1100100000000_0000000000
1,135,78,F# With octave key (Chromatic),1010110000000_1001000000,80,G# With octave key (default),1010111000000_0000000000
1,145,81,A With octave key,1010100000000_0000000000,89,High F (side),1000000000111_0000000100
1,81,76,E With octave key,1010110000000_1100000000,86,High D,1000000000001_0000000000
1,7,63,Eb Without octave key,0010110000000_1100110000,82,Bb With octave key (Bis key),1011100000000_0000000000
1,41,77,F With octave key,1010110000000_1000000000,91,High F# (front),1100100000000_0010000000
1,7,59,Low B,0010110010000_1100101000,79,G With octave key,1010110000000_0000000000
1,34,66,F# Without octave key (main),0010110000000_0100000000,85,C# With octave key,1000000000000_0000000000
1,115,71,B Without octave key,0010000000000_0000000000,75,Eb With octave key,1010110000000_1100110000
1,34,64,E Without octave key,0010110000000_1100000000,83,B With octave key,1010000000000_0000000000
1,7,61,Low C#,0010110100000_1100101000,81,A With octave key,1010100000000_0000000000
1,38,60,Low C,0010110000000_1100101000,64,E Without octave key,0010110000000_1100000000
1,38,63,Eb Without octave key,0010110000000_1100110000,66,F# Without octave key (main),0010110000000_0100000000
1,38,64,E Without octave key,0010110000000_1100000000,67,F# Without octave key (Chromatic),0010110000000_1001000000
1,115,70,Bb Without octave key (side key),0010100000000_0000000000,75,Eb With octave key,1010110000000_1100110000
1,38,62,D Without octave key,0010110000000_1100100000,66,F# Without octave key (main),0010110000000_0100000000
1,115,70,Bb Without octave key (side key),0010100000000_0000000000,74,D With octave key,1010110000000_1100100000
1,34,67,F# Without octave key (Chromatic),0010110000000_1001000000,85,C# With octave key,1000000000000_0000000000
1,118,59,Low B,0010110010000_1100101000,67,F# Without octave key (Chromatic),0010110000000_1001000000
1,7,58,Low Bb,0010110001000_1100101000,79,G With octave key,1010110000000_0000000000
1,-1,58,Low Bb,0010110001000_1100101000,60,Low C,0010110000000_1100101000
1,83,71,B Without octave key,0010000000000_0000000000,89,High F (front),1100100000000_0000000000
1,-1,58,Low Bb,0010110001000_1100101000,59,Low B,0010110010000_1100101000
1,-1,58,Low Bb,0010110001000_1100101000,65,F Without octave key,0010110000000_1000000000
1,34,66,F# Without octave key (main),0010110000000_0100000000,83,B With octave key,1010000000000_0000000000
1,81,77,F With octave key,1010110000000_1000000000,86,High D,1000000000001_0000000000
1,44,71,B Without octave key,0010000000000_0000000000,91,High F# (front),1100100000000_0010000000
1,17,61,Low C#,0010110100000_1100101000,87,High Eb,1000000000011_0000000000
1,34,65,F Without octave key,0010110000000_1000000000,82,Bb With octave key (Bis key),1011100000000_0000000000
1,135,78,F# With octave key (main),1010110000000_0100000000,81,A With octave key,1010100000000_0000000000
1,118,59,Low B,0010110010000_1100101000,68,G# Without octave key (default),0010111000000_0000000000
1,107,58,Low Bb,0010110001000_1100101000,87,High Eb,1000000000011_0000000000
1,83,70,Bb Without octave key (side key),0010100000000_0000000000,89,High F (front),1100100000000_0000000000
1,44,68,G Without octave key,0010110000000_0000000000,89,High F (front),1100100000000_0000000000
1,115,69,A Without octave key,0010100000000_0000000000,74,D With octave key,1010110000000_1100100000
1,118,58,Low Bb,0010110001000_1100101000,67,F# Without octave key (Chromatic),0010110000000_1001000000
1,34,64,E Without octave key,0010110000000_1100000000,82,Bb With octave key (Bis key),1011100000000_0000000000
1,38,64,E Without octave key,0010110000000_1100000000,68,G Without octave key,0010110000000_0000000000
1,81,78,F# With octave key (Chromatic),1010110000000_1001000000,86,High D,1000000000001_0000000000
1,107,59,Low B,0010110010000_1100101000,86,High D,1000000000001_0000000000
1,7,63,Eb Without octave key,0010110000000_1100110000,83,B With octave key,1010000000000_0000000000
1,34,72,C Without octave key,0000100000000_0000000000,91,High F# (front),1100100000000_0010000000
1,-1,58,Low Bb,0010110001000_1100101000,63,Eb Without octave key,0010110000000_1100110000
1,44,70,Bb Without octave key (Bis key),0011100000000_0000000000,91,High F# (front),1100100000000_0010000000
1,135,78,F# With octave key (Chromatic),1010110000000_1001000000,81,A With octave key,1010100000000_0000000000
1,115,70,Bb Without octave key (Bis key),0011100000000_0000000000,75,Eb With octave key,1010110000000_1100110000
1,44,70,Bb Without octave key (side key),0010100000000_0000000000,91,High F# (front),1100100000000_0010000000
1,38,61,Low C#,0010110100000_1100101000,65,F Without octave key,0010110000000_1000000000
1,41,78,F# With octave key (main),1010110000000_0100000000,91,High F# (front),1100100000000_0010000000
1,-1,58,Low Bb,0010110001000_1100101000,64,E Without octave key,0010110000000_1100000000
1,7,60,Low C,0010110000000_1100101000,80,G# With octave key (default),1010111000000_0000000000
1,81,78,F# With octave key (main),1010110000000_0100000000,87,High Eb,1000000000011_0000000000
1,17,61,Low C#,0010110100000_1100101000,86,High D,1000000000001_0000000000
1,-1,58,Low Bb,0010110001000_1100101000,61,Low C#,0010110100000_1100101000
1,107,59,Low B,0010110010000_1100101000,87,High Eb,1000000000011_0000000000
1,38,62,D Without octave key,0010110000000_1100100000,65,F Without octave key,0010110000000_1000000000
1,-1,58,Low Bb,0010110001000_1100101000,62,D Without octave key,0010110000000_1100100000
1,34,65,F Without octave key,0010110000000_1000000000,83,B With octave key,1010000000000_0000000000
1,81,78,F# With octave key (Chromatic),1010110000000_1001000000,87,High Eb,1000000000011_0000000000
1,115,70,Bb Without octave key (Bis key),0011100000000_0000000000,74,D With octave key,1010110000000_1100100000
1,118,58,Low Bb,0010110001000_1100101000,68,G# Without octave key (default),0010111000000_0000000000
1,7,60,Low C,0010110000000_1100101000,81,A With octave key,1010100000000_0000000000
1,83,70,Bb Without octave key (Bis key),0011100000000_0000000000,89,High F (front),1100100000000_0000000000
1,135,77,F With octave key,1010110000000_1000000000,80,G# With octave key (default),1010111000000_0000000000
1,-1,58,Low Bb,0010110001000_1100101000,66,F# Without octave key (main),0010110000000_0100000000
1,81,77,F With octave key,1010110000000_1000000000,87,High Eb,1000000000011_0000000000
1,145,82,Bb With octave key (Bis key),1011100000000_0000000000,90,High F# (side),1000000000111_0010000100
1,107,58,Low Bb,0010110001000_1100101000,86,High D,1000000000001_0000000000
2,8,60,Low C,0010110000000_1100101000,91,High F# (front),1100100000000_0010000000
2,61,72,C Without octave key,0000100000000_0000000000,82,Bb With octave key (side key),1010100000000_0000000001
2,119,71,B Without octave key,0010000000000_0000000000,90,High F# (side),1000000000111_0010000100
2,8,61,Low C#,0010110100000_1100101000,91,High F# (front),1100100000000_0010000000
2,123,73,C# Without octave key,0000000000000_0000000000,87,High Eb,1000000000011_0000000000
2,9,70,Bb Without octave key (side key),0010100000000_0000000000,88,High E,1000000000011_0000000100
2,-1,58,Low Bb,0010110001000_1100101000,62,D Without octave key,0010110000000_1100100000
2,22,87,High Eb,1000000000011_0000000000,89,High F (side),1000000000111_0000000100
2,48,72,C Without octave key,0000100000000_0000000000,75,Eb With octave key,1010110000000_1100110000
2,22,86,High D,1000000000001_0000000000,89,High F (side),1000000000111_0000000100
2,142,66,F# Without octave key (main),0010110000000_0100000000,81,A With octave key,1010100000000_0000000000
2,22,86,High D,1000000000001_0000000000,90,High F# (side),1000000000111_0010000100
2,125,64,E Without octave key,0010110000000_1100000000,91,High F# (front),1100100000000_0010000000
2,-1,58,Low Bb,0010110001000_1100101000,61,Low C#,0010110100000_1100101000
2,119,73,C# Without octave key,0000000000000_0000000000,90,High F# (side),1000000000111_0010000100
2,69,58,Low Bb,0010110001000_1100101000,60,Low C,0010110000000_1100101000
2,73,60,Low C,0010110000000_1100101000,87,High Eb,1000000000011_0000000000
2,30,82,Bb With octave key (side key),1010100000000_0000000001,89,High F (front),1100100000000_0000000000
2,8,59,Low B,0010110010000_1100101000,91,High F# (front),1100100000000_0010000000
2,-1,58,Low Bb,0010110001000_1100101000,59,Low B,0010110010000_1100101000
2,61,71,B Without octave key,0010000000000_0000000000,82,Bb With octave key (side key),1010100000000_0000000001
2,24,62,D Without octave key,0010110000000_1100100000,67,F# Without octave key (Chromatic),0010110000000_1001000000
2,136,68,G Without octave key,0010110000000_0000000000,88,High E,1000000000011_0000000100
2,31,89,High F (side),1000000000111_0000000100,89,High F (front),1100100000000_0000000000
2,136,68,G Without octave key,0010110000000_0000000000,89,High F (side),1000000000111_0000000100
2,69,61,Low C#,0010110100000_1100101000,62,D Without octave key,0010110000000_1100100000
2,20,75,Eb With octave key,1010110000000_1100110000,91,High F# (front),1100100000000_0010000000
2,25,74,D With octave key,1010110000000_1100100000,90,High F# (side),1000000000111_0010000100
2,136,68,G# Without octave key (default),0010111000000_0000000000,88,High E,1000000000011_0000000100
2,48,73,C# Without octave key,0000000000000_0000000000,75,Eb With octave key,1010110000000_1100110000
2,30,82,Bb With octave key (side key),1010100000000_0000000001,91,High F# (front),1100100000000_0010000000
2,25,75,Eb With octave key,1010110000000_1100110000,90,High F# (side),1000000000111_0010000100
2,-1,58,Low Bb,0010110001000_1100101000,63,Eb Without octave key,0010110000000_1100110000
2,125,62,D Without octave key,0010110000000_1100100000,89,High F (front),1100100000000_0000000000
2,69,65,F Without octave key,0010110000000_1000000000,67,F# Without octave key (Chromatic),0010110000000_1001000000
2,22,79,G With octave key,1010110000000_0000000000,82,Bb With octave key (side key),1010100000000_0000000001
2,142,58,Low Bb,0010110001000_1100101000,74,D With octave key,1010110000000_1100100000
2,31,90,High F# (side),1000000000111_0010000100,91,High F# (front),1100100000000_0010000000
2,48,72,C Without octave key,0000100000000_0000000000,74,D With octave key,1010110000000_1100100000
2,20,74,D With octave key,1010110000000_1100100000,91,High F# (front),1100100000000_0010000000
2,73,60,Low C,0010110000000_1100101000,86,High D,1000000000001_0000000000
2,61,73,C# Without octave key,0000000000000_0000000000,82,Bb With octave key (side key),1010100000000_0000000001
2,69,64,E Without octave key,0010110000000_1100000000,66,F# Without octave key (main),0010110000000_0100000000
2,69,66,F# Without octave key (main),0010110000000_0100000000,68,G# Without octave key (default),0010111000000_0000000000
2,142,65,F Without octave key,0010110000000_1000000000,80,G# With octave key (default),1010111000000_0000000000
2,61,70,Bb Without octave key (side key),0010100000000_0000000000,82,Bb With octave key (side key),1010100000000_0000000001
2,142,59,Low B,0010110010000_1100101000,74,D With octave key,1010110000000_1100100000
2,-1,58,Low Bb,0010110001000_1100101000,60,Low C,0010110000000_1100101000
2,69,64,E Without octave key,0010110000000_1100000000,65,F Without octave key,0010110000000_1000000000
2,24,60,Low C,0010110000000_1100101000,67,F# Without octave key (Chromatic),0010110000000_1001000000
2,22,86,High D,1000000000001_0000000000,88,High E,1000000000011_0000000100
2,142,65,F Without octave key,0010110000000_1000000000,81,A With octave key,1010100000000_0000000000
2,61,70,Bb Without octave key (Bis key),0011100000000_0000000000,82,Bb With octave key (side key),1010100000000_0000000001
2,119,72,C Without octave key,0000100000000_0000000000,90,High F# (side),1000000000111_0010000100
2,-1,58,Low Bb,0010110001000_1100101000,66,F# Without octave key (main),0010110000000_0100000000
2,69,62,D Without octave key,0010110000000_1100100000,64,E Without octave key,0010110000000_1100000000
2,48,71,B Without octave key,0010000000000_0000000000,74,D With octave key,1010110000000_1100100000
2,69,62,D Without octave key,0010110000000_1100100000,63,Eb Without octave key,0010110000000_1100110000
2,123,73,C# Without octave key,0000000000000_0000000000,86,High D,1000000000001_0000000000
2,9,70,Bb Without octave key (Bis key),0011100000000_0000000000,88,High E,1000000000011_0000000100
2,69,65,F Without octave key,0010110000000_1000000000,68,G Without octave key,0010110000000_0000000000
2,136,68,G# Without octave key (default),0010111000000_0000000000,89,High F (side),1000000000111_0000000100
2,129,78,F# With octave key (main),1010110000000_0100000000,78,F# With octave key (Chromatic),1010110000000_1001000000
2,48,73,C# Without octave key,0000000000000_0000000000,74,D With octave key,1010110000000_1100100000
2,69,66,F# Without octave key (main),0010110000000_0100000000,68,G Without octave key,0010110000000_0000000000
2,69,60,Low C,0010110000000_1100101000,62,D Without octave key,0010110000000_1100100000
2,8,58,Low Bb,0010110001000_1100101000,91,High F# (front),1100100000000_0010000000
2,-1,58,Low Bb,0010110001000_1100101000,65,F Without octave key,0010110000000_1000000000
2,125,63,Eb Without octave key,0010110000000_1100110000,89,High F (front),1100100000000_0000000000
2,-1,58,Low Bb,0010110001000_1100101000,64,E Without octave key,0010110000000_1100000000
2,31,88,High E,1000000000011_0000000100,89,High F (front),1100100000000_0000000000
2,22,87,High Eb,1000000000011_0000000000,90,High F# (side),1000000000111_0010000100
2,31,89,High F (front),1100100000000_0000000000,90,High F# (side),1000000000111_0010000100
2,24,61,Low C#,0010110100000_1100101000,67,F# Without octave key (Chromatic),0010110000000_1001000000
3,91,69,A Without octave key,0010100000000_0000000000,85,C# With octave key,1000000000000_0000000000
3,105,82,Bb With octave key (Bis key),1011100000000_0000000000,85,C# With octave key,1000000000000_0000000000
3,86,68,G# Without octave key (default),0010111000000_0000000000,74,D With octave key,1010110000000_1100100000
3,26,75,Eb With octave key,1010110000000_1100110000,88,High E,1000000000011_0000000100
3,104,67,F# Without octave key (Chromatic),0010110000000_1001000000,79,G With octave key,1010110000000_0000000000
3,85,59,Low B,0010110010000_1100101000,77,F With octave key,1010110000000_1000000000
3,91,68,G Without octave key,0010110000000_0000000000,84,C With octave key,1000100000000_0000000000
3,-1,58,Low Bb,0010110001000_1100101000,66,F# Without octave key (main),0010110000000_0100000000
3,91,68,G# Without octave key (default),0010111000000_0000000000,85,C# With octave key,1000000000000_0000000000
3,26,76,E With octave key,1010110000000_1100000000,89,High F (side),1000000000111_0000000100
3,26,74,D With octave key,1010110000000_1100100000,89,High F (side),1000000000111_0000000100
3,6,83,B With octave key,1010000000000_0000000000,89,High F (side),1000000000111_0000000100
3,102,62,D Without octave key,0010110000000_1100100000,91,High F# (front),1100100000000_0010000000
3,26,76,E With octave key,1010110000000_1100000000,90,High F# (side),1000000000111_0010000100
3,-1,58,Low Bb,0010110001000_1100101000,62,D Without octave key,0010110000000_1100100000
3,26,77,F With octave key,1010110000000_1000000000,90,High F# (side),1000000000111_0010000100
3,86,68,G Without octave key,0010110000000_0000000000,75,Eb With octave key,1010110000000_1100110000
3,91,68,G Without octave key,0010110000000_0000000000,85,C# With octave key,1000000000000_0000000000
3,36,63,Eb Without octave key,0010110000000_1100110000,82,Bb With octave key (side key),1010100000000_0000000001
3,63,74,D With octave key,1010110000000_1100100000,79,G With octave key,1010110000000_0000000000
3,-1,58,Low Bb,0010110001000_1100101000,61,Low C#,0010110100000_1100101000
3,104,66,F# Without octave key (main),0010110000000_0100000000,77,F With octave key,1010110000000_1000000000
3,-1,58,Low Bb,0010110001000_1100101000,63,Eb Without octave key,0010110000000_1100110000
3,-1,58,Low Bb,0010110001000_1100101000,59,Low B,0010110010000_1100101000
3,105,79,G With octave key,1010110000000_0000000000,82,Bb With octave key (Bis key),1011100000000_0000000000
3,-1,58,Low Bb,0010110001000_1100101000,64,E Without octave key,0010110000000_1100000000
3,85,59,Low B,0010110010000_1100101000,78,F# With octave key (main),1010110000000_0100000000
3,85,58,Low Bb,0010110001000_1100101000,77,F With octave key,1010110000000_1000000000
3,65,74,D With octave key,1010110000000_1100100000,77,F With octave key,1010110000000_1000000000
3,-1,58,Low Bb,0010110001000_1100101000,60,Low C,0010110000000_1100101000
3,86,68,G# Without octave key (default),0010111000000_0000000000,75,Eb With octave key,1010110000000_1100110000
3,85,58,Low Bb,0010110001000_1100101000,78,F# With octave key (main),1010110000000_0100000000
3,6,83,B With octave key,1010000000000_0000000000,90,High F# (side),1000000000111_0010000100
3,102,63,Eb Without octave key,0010110000000_1100110000,91,High F# (front),1100100000000_0010000000
3,63,75,Eb With octave key,1010110000000_1100110000,80,G# With octave key (default),1010111000000_0000000000
3,105,80,G# With octave key (default),1010111000000_0000000000,83,B With octave key,1010000000000_0000000000
3,85,62,D Without octave key,0010110000000_1100100000,81,A With octave key,1010100000000_0000000000
3,91,68,G# Without octave key (default),0010111000000_0000000000,84,C With octave key,1000100000000_0000000000
3,85,58,Low Bb,0010110001000_1100101000,76,E With octave key,1010110000000_1100000000
3,104,65,F Without octave key,0010110000000_1000000000,75,Eb With octave key,1010110000000_1100110000
3,104,64,E Without octave key,0010110000000_1100000000,75,Eb With octave key,1010110000000_1100110000
3,52,77,F With octave key,1010110000000_1000000000,81,A With octave key,1010100000000_0000000000
3,105,80,G# With octave key (default),1010111000000_0000000000,82,Bb With octave key (Bis key),1011100000000_0000000000
3,63,75,Eb With octave key,1010110000000_1100110000,81,A With octave key,1010100000000_0000000000
3,91,72,C Without octave key,0000100000000_0000000000,89,High F (front),1100100000000_0000000000
3,52,76,E With octave key,1010110000000_1100000000,81,A With octave key,1010100000000_0000000000
3,104,66,F# Without octave key (main),0010110000000_0100000000,78,F# With octave key (Chromatic),1010110000000_1001000000
3,-1,58,Low Bb,0010110001000_1100101000,65,F Without octave key,0010110000000_1000000000
3,6,82,Bb With octave key (Bis key),1011100000000_0000000000,88,High E,1000000000011_0000000100
3,98,60,Low C,0010110000000_1100101000,89,High F (front),1100100000000_0000000000
3,63,74,D With octave key,1010110000000_1100100000,80,G# With octave key (default),1010111000000_0000000000
3,65,75,Eb With octave key,1010110000000_1100110000,77,F With octave key,1010110000000_1000000000
3,65,75,Eb With octave key,1010110000000_1100110000,78,F# With octave key (main),1010110000000_0100000000
3,65,74,D With octave key,1010110000000_1100100000,78,F# With octave key (main),1010110000000_0100000000
3,36,62,D Without octave key,0010110000000_1100100000,82,Bb With octave key (side key),1010100000000_0000000001
3,52,78,F# With octave key (Chromatic),1010110000000_1001000000,82,Bb With octave key (Bis key),1011100000000_0000000000
3,26,75,Eb With octave key,1010110000000_1100110000,89,High F (side),1000000000111_0000000100
3,65,76,E With octave key,1010110000000_1100000000,79,G With octave key,1010110000000_0000000000
3,6,84,C With octave key,1000100000000_0000000000,90,High F# (side),1000000000111_0010000100
3,91,73,C# Without octave key,0000000000000_0000000000,89,High F (front),1100100000000_0000000000
3,104,67,F# Without octave key (Chromatic),0010110000000_1001000000,78,F# With octave key (main),1010110000000_0100000000
3,85,60,Low C,0010110000000_1100101000,79,G With octave key,1010110000000_0000000000
3,86,69,A Without octave key,0010100000000_0000000000,75,Eb With octave key,1010110000000_1100110000
3,86,68,G Without octave key,0010110000000_0000000000,74,D With octave key,1010110000000_1100100000
3,52,78,F# With octave key (main),1010110000000_0100000000,82,Bb With octave key (Bis key),1011100000000_0000000000
3,98,61,Low C#,0010110100000_1100101000,89,High F (front),1100100000000_0000000000
3,36,61,Low C#,0010110100000_1100101000,82,Bb With octave key (side key),1010100000000_0000000001
3,52,78,F# With octave key (Chromatic),1010110000000_1001000000,83,B With octave key,1010000000000_0000000000
3,52,77,F With octave key,1010110000000_1000000000,82,Bb With octave key (Bis key),1011100000000_0000000000
3,52,78,F# With octave key (main),1010110000000_0100000000,83,B With octave key,1010000000000_0000000000
3,6,81,A With octave key,1010100000000_0000000000,88,High E,1000000000011_0000000100
3,63,74,D With octave key,1010110000000_1100100000,81,A With octave key,1010100000000_0000000000
3,6,82,Bb With octave key (Bis key),1011100000000_0000000000,89,High F (side),1000000000111_0000000100
3,52,76,E With octave key,1010110000000_1100000000,80,G# With octave key (default),1010111000000_0000000000
3,65,75,Eb With octave key,1010110000000_1100110000,79,G With octave key,1010110000000_0000000000
3,26,74,D With octave key,1010110000000_1100100000,88,High E,1000000000011_0000000100
4,74,70,Bb Without octave key (Bis key),0011100000000_0000000000,83,B With octave key,1010000000000_0000000000
4,76,68,G Without octave key,0010110000000_0000000000,90,High F# (side),1000000000111_0010000100
4,84,65,F Without octave key,0010110000000_1000000000,68,G# Without octave key (default),0010111000000_0000000000
4,60,71,B Without octave key,0010000000000_0000000000,85,C# With octave key,1000000000000_0000000000
4,-1,58,Low Bb,0010110001000_1100101000,59,Low B,0010110010000_1100101000
4,84,66,F# Without octave key (main),0010110000000_0100000000,70,Bb Without octave key (side key),0010100000000_0000000000
4,71,69,A Without octave key,0010100000000_0000000000,87,High Eb,1000000000011_0000000000
4,78,83,B With octave key,1010000000000_0000000000,89,High F (front),1100100000000_0000000000
4,100,68,G Without octave key,0010110000000_0000000000,91,High F# (front),1100100000000_0010000000
4,71,70,Bb Without octave key (side key),0010100000000_0000000000,86,High D,1000000000001_0000000000
4,84,66,F# Without octave key (main),0010110000000_0100000000,69,A Without octave key,0010100000000_0000000000
4,100,66,F# Without octave key (main),0010110000000_0100000000,89,High F (front),1100100000000_0000000000
4,76,67,F# Without octave key (Chromatic),0010110000000_1001000000,89,High F (side),1000000000111_0000000100
4,16,70,Bb Without octave key (side key),0010100000000_0000000000,76,E With octave key,1010110000000_1100000000
4,16,71,B Without octave key,0010000000000_0000000000,77,F With octave key,1010110000000_1000000000
4,60,69,A Without octave key,0010100000000_0000000000,83,B With octave key,1010000000000_0000000000
4,40,64,E Without octave key,0010110000000_1100000000,86,High D,1000000000001_0000000000
4,16,70,Bb Without octave key (Bis key),0011100000000_0000000000,76,E With octave key,1010110000000_1100000000
4,100,65,F Without octave key,0010110000000_1000000000,89,High F (front),1100100000000_0000000000
4,-1,58,Low Bb,0010110001000_1100101000,66,F# Without octave key (main),0010110000000_0100000000
4,84,64,E Without octave key,0010110000000_1100000000,68,G# Without octave key (default),0010111000000_0000000000
4,16,72,C Without octave key,0000100000000_0000000000,78,F# With octave key (Chromatic),1010110000000_1001000000
4,62,58,Low Bb,0010110001000_1100101000,72,C Without octave key,0000100000000_0000000000
4,84,67,F# Without octave key (Chromatic),0010110000000_1001000000,70,Bb Without octave key (Bis key),0011100000000_0000000000
4,71,70,Bb Without octave key (Bis key),0011100000000_0000000000,87,High Eb,1000000000011_0000000000
4,-1,58,Low Bb,0010110001000_1100101000,62,D Without octave key,0010110000000_1100100000
4,62,58,Low Bb,0010110001000_1100101000,73,C# Without octave key,0000000000000_0000000000
4,76,66,F# Without octave key (main),0010110000000_0100000000,88,High E,1000000000011_0000000100
4,60,68,G Without octave key,0010110000000_0000000000,83,B With octave key,1010000000000_0000000000
4,62,59,Low B,0010110010000_1100101000,73,C# Without octave key,0000000000000_0000000000
4,100,69,A Without octave key,0010100000000_0000000000,91,High F# (front),1100100000000_0010000000
4,33,67,F# Without octave key (Chromatic),0010110000000_1001000000,75,Eb With octave key,1010110000000_1100110000
4,76,67,F# Without octave key (Chromatic),0010110000000_1001000000,88,High E,1000000000011_0000000100
4,74,69,A Without octave key,0010100000000_0000000000,82,Bb With octave key (Bis key),1011100000000_0000000000
4,84,59,Low B,0010110010000_1100101000,62,D Without octave key,0010110000000_1100100000
4,-1,58,Low Bb,0010110001000_1100101000,63,Eb Without octave key,0010110000000_1100110000
4,84,66,F# Without octave key (main),0010110000000_0100000000,70,Bb Without octave key (Bis key),0011100000000_0000000000
4,133,68,G# Without octave key (default),0010111000000_0000000000,72,C Without octave key,0000100000000_0000000000
4,95,73,C# Without octave key,0000000000000_0000000000,88,High E,1000000000011_0000000100
4,133,68,G# Without octave key (default),0010111000000_0000000000,73,C# Without octave key,0000000000000_0000000000
4,133,80,G# With octave key (default),1010111000000_0000000000,85,C# With octave key,1000000000000_0000000000
4,74,68,G Without octave key,0010110000000_0000000000,81,A With octave key,1010100000000_0000000000
4,-1,58,Low Bb,0010110001000_1100101000,64,E Without octave key,0010110000000_1100000000
4,133,68,G Without octave key,0010110000000_0000000000,73,C# Without octave key,0000000000000_0000000000
4,84,67,F# Without octave key (Chromatic),0010110000000_1001000000,70,Bb Without octave key (side key),0010100000000_0000000000
4,71,70,Bb Without octave key (side key),0010100000000_0000000000,87,High Eb,1000000000011_0000000000
4,74,72,C Without octave key,0000100000000_0000000000,85,C# With octave key,1000000000000_0000000000
4,40,65,F Without octave key,0010110000000_1000000000,86,High D,1000000000001_0000000000
4,78,82,Bb With octave key (Bis key),1011100000000_0000000000,89,High F (front),1100100000000_0000000000
4,74,68,G# Without octave key (default),0010111000000_0000000000,81,A With octave key,1010100000000_0000000000
4,16,72,C Without octave key,0000100000000_0000000000,77,F With octave key,1010110000000_1000000000
4,-1,58,Low Bb,0010110001000_1100101000,65,F Without octave key,0010110000000_1000000000
4,16,72,C Without octave key,0000100000000_0000000000,78,F# With octave key (main),1010110000000_0100000000
4,95,73,C# Without octave key,0000000000000_0000000000,89,High F (side),1000000000111_0000000100
4,40,66,F# Without octave key (main),0010110000000_0100000000,87,High Eb,1000000000011_0000000000
4,84,58,Low Bb,0010110001000_1100101000,62,D Without octave key,0010110000000_1100100000
4,84,67,F# Without octave key (Chromatic),0010110000000_1001000000,71,B Without octave key,0010000000000_0000000000
4,33,67,F# Without octave key (Chromatic),0010110000000_1001000000,74,D With octave key,1010110000000_1100100000
4,40,65,F Without octave key,0010110000000_1000000000,87,High Eb,1000000000011_0000000000
4,60,70,Bb Without octave key (side key),0010100000000_0000000000,84,C With octave key,1000100000000_0000000000
4,71,70,Bb Without octave key (Bis key),0011100000000_0000000000,86,High D,1000000000001_0000000000
4,71,69,A Without octave key,0010100000000_0000000000,86,High D,1000000000001_0000000000
4,74,71,B Without octave key,0010000000000_0000000000,84,C With octave key,1000100000000_0000000000
4,74,70,Bb Without octave key (side key),0010100000000_0000000000,83,B With octave key,1010000000000_0000000000
4,60,69,A Without octave key,0010100000000_0000000000,84,C With octave key,1000100000000_0000000000
4,60,70,Bb Without octave key (side key),0010100000000_0000000000,85,C# With octave key,1000000000000_0000000000
4,-1,58,Low Bb,0010110001000_1100101000,60,Low C,0010110000000_1100101000
4,84,65,F Without octave key,0010110000000_1000000000,69,A Without octave key,0010100000000_0000000000
4,100,67,F# Without octave key (Chromatic),0010110000000_1001000000,89,High F (front),1100100000000_0000000000
4,16,71,B Without octave key,0010000000000_0000000000,76,E With octave key,1010110000000_1100000000
4,76,68,G# Without octave key (default),0010111000000_0000000000,90,High F# (side),1000000000111_0010000100
4,60,70,Bb Without octave key (Bis key),0011100000000_0000000000,84,C With octave key,1000100000000_0000000000
4,-1,58,Low Bb,0010110001000_1100101000,61,Low C#,0010110100000_1100101000
4,100,68,G# Without octave key (default),0010111000000_0000000000,91,High F# (front),1100100000000_0010000000
4,60,70,Bb Without octave key (Bis key),0011100000000_0000000000,85,C# With octave key,1000000000000_0000000000
5,110,62,D Without octave key,0010110000000_1100100000,68,G Without octave key,0010110000000_0000000000
5,56,70,Bb Without octave key (side key),0010100000000_0000000000,90,High F# (side),1000000000111_0010000100
5,117,73,C# Without octave key,0000000000000_0000000000,76,E With octave key,1010110000000_1100000000
5,117,73,C# Without octave key,0000000000000_0000000000,77,F With octave key,1010110000000_1000000000
5,124,76,E With octave key,1010110000000_1100000000,82,Bb With octave key (Bis key),1011100000000_0000000000
5,75,60,Low C,0010110000000_1100101000,90,High F# (side),1000000000111_0010000100
5,59,61,Low C#,0010110100000_1100101000,74,D With octave key,1010110000000_1100100000
5,147,62,D Without octave key,0010110000000_1100100000,74,D With octave key,1010110000000_1100100000
5,-1,58,Low Bb,0010110001000_1100101000,62,D Without octave key,0010110000000_1100100000
5,110,60,Low C,0010110000000_1100101000,65,F Without octave key,0010110000000_1000000000
5,59,65,F Without octave key,0010110000000_1000000000,78,F# With octave key (Chromatic),1010110000000_1001000000
5,89,59,Low B,0010110010000_1100101000,75,Eb With octave key,1010110000000_1100110000
5,147,69,A Without octave key,0010100000000_0000000000,81,A With octave key,1010100000000_0000000000
5,89,62,D Without octave key,0010110000000_1100100000,78,F# With octave key (Chromatic),1010110000000_1001000000
5,89,63,Eb Without octave key,0010110000000_1100110000,78,F# With octave key (Chromatic),1010110000000_1001000000
5,59,65,F Without octave key,0010110000000_1000000000,78,F# With octave key (main),1010110000000_0100000000
5,147,64,E Without octave key,0010110000000_1100000000,76,E With octave key,1010110000000_1100000000
5,56,69,A Without octave key,0010100000000_0000000000,89,High F (side),1000000000111_0000000100
5,80,82,Bb With octave key (side key),1010100000000_0000000001,88,High E,1000000000011_0000000100
5,121,86,High D,1000000000001_0000000000,87,High Eb,1000000000011_0000000000
5,93,78,F# With octave key (main),1010110000000_0100000000,82,Bb With octave key (side key),1010100000000_0000000001
5,89,58,Low Bb,0010110001000_1100101000,75,Eb With octave key,1010110000000_1100110000
5,89,61,Low C#,0010110100000_1100101000,78,F# With octave key (Chromatic),1010110000000_1001000000
5,147,70,Bb Without octave key (Bis key),0011100000000_0000000000,82,Bb With octave key (Bis key),1011100000000_0000000000
5,110,63,Eb Without octave key,0010110000000_1100110000,68,G Without octave key,0010110000000_0000000000
5,-1,58,Low Bb,0010110001000_1100101000,66,F# Without octave key (main),0010110000000_0100000000
5,124,85,C# With octave key,1000000000000_0000000000,91,High F# (front),1100100000000_0010000000
5,59,66,F# Without octave key (main),0010110000000_0100000000,79,G With octave key,1010110000000_0000000000
5,147,72,C Without octave key,0000100000000_0000000000,84,C With octave key,1000100000000_0000000000
5,121,88,High E,1000000000011_0000000100,89,High F (side),1000000000111_0000000100
5,56,69,A Without octave key,0010100000000_0000000000,90,High F# (side),1000000000111_0010000100
5,56,70,Bb Without octave key (Bis key),0011100000000_0000000000,89,High F (side),1000000000111_0000000100
5,56,70,Bb Without octave key (side key),0010100000000_0000000000,89,High F (side),1000000000111_0000000100
5,56,69,A Without octave key,0010100000000_0000000000,88,High E,1000000000011_0000000100
5,80,82,Bb With octave key (Bis key),1011100000000_0000000000,87,High Eb,1000000000011_0000000000
5,121,88,High E,1000000000011_0000000100,90,High F# (side),1000000000111_0010000100
5,59,62,D Without octave key,0010110000000_1100100000,75,Eb With octave key,1010110000000_1100110000
5,93,78,F# With octave key (Chromatic),1010110000000_1001000000,82,Bb With octave key (side key),1010100000000_0000000001
5,124,77,F With octave key,1010110000000_1000000000,83,B With octave key,1010000000000_0000000000
5,147,63,Eb Without octave key,0010110000000_1100110000,75,Eb With octave key,1010110000000_1100110000
5,-1,58,Low Bb,0010110001000_1100101000,65,F Without octave key,0010110000000_1000000000
5,147,66,F# Without octave key (main),0010110000000_0100000000,78,F# With octave key (main),1010110000000_0100000000
5,124,84,C With octave key,1000100000000_0000000000,91,High F# (front),1100100000000_0010000000
5,55,60,Low C,0010110000000_1100101000,83,B With octave key,1010000000000_0000000000
5,55,60,Low C,0010110000000_1100101000,84,C With octave key,1000100000000_0000000000
5,-1,58,Low Bb,0010110001000_1100101000,60,Low C,0010110000000_1100101000
5,124,78,F# With octave key (main),1010110000000_0100000000,84,C With octave key,1000100000000_0000000000
5,147,70,Bb Without octave key (side key),0010100000000_0000000000,82,Bb With octave key (Bis key),1011100000000_0000000000
5,-1,58,Low Bb,0010110001000_1100101000,59,Low B,0010110010000_1100101000
5,56,70,Bb Without octave key (Bis key),0011100000000_0000000000,90,High F# (side),1000000000111_0010000100
5,121,89,High F (front),1100100000000_0000000000,91,High F# (front),1100100000000_0010000000
5,59,64,E Without octave key,0010110000000_1100000000,77,F With octave key,1010110000000_1000000000
5,93,77,F With octave key,1010110000000_1000000000,82,Bb With octave key (side key),1010100000000_0000000001
5,121,89,High F (side),1000000000111_0000000100,90,High F# (side),1000000000111_0010000100
5,147,73,C# Without octave key,0000000000000_0000000000,85,C# With octave key,1000000000000_0000000000
5,93,76,E With octave key,1010110000000_1100000000,82,Bb With octave key (side key),1010100000000_0000000001
5,110,61,Low C#,0010110100000_1100101000,66,F# Without octave key (main),0010110000000_0100000000
5,80,81,A With octave key,1010100000000_0000000000,87,High Eb,1000000000011_0000000000
5,147,71,B Without octave key,0010000000000_0000000000,83,B With octave key,1010000000000_0000000000
5,117,73,C# Without octave key,0000000000000_0000000000,78,F# With octave key (main),1010110000000_0100000000
5,124,78,F# With octave key (Chromatic),1010110000000_1001000000,84,C With octave key,1000100000000_0000000000
5,-1,58,Low Bb,0010110001000_1100101000,63,Eb Without octave key,0010110000000_1100110000
5,75,58,Low Bb,0010110001000_1100101000,90,High F# (side),1000000000111_0010000100
5,80,81,A With octave key,1010100000000_0000000000,86,High D,1000000000001_0000000000
5,55,58,Low Bb,0010110001000_1100101000,81,A With octave key,1010100000000_0000000000
5,117,73,C# Without octave key,0000000000000_0000000000,78,F# With octave key (Chromatic),1010110000000_1001000000
5,124,76,E With octave key,1010110000000_1100000000,83,B With octave key,1010000000000_0000000000
5,117,72,C Without octave key,0000100000000_0000000000,76,E With octave key,1010110000000_1100000000
5,75,59,Low B,0010110010000_1100101000,90,High F# (side),1000000000111_0010000100
5,110,60,Low C,0010110000000_1100101000,66,F# Without octave key (main),0010110000000_0100000000
5,147,68,G Without octave key,0010110000000_0000000000,80,G# With octave key (default),1010111000000_0000000000
5,59,67,F# Without octave key (Chromatic),0010110000000_1001000000,80,G# With octave key (default),1010111000000_0000000000
5,147,65,F Without octave key,0010110000000_1000000000,77,F With octave key,1010110000000_1000000000
5,147,68,G# Without octave key (default),0010111000000_0000000000,80,G# With octave key (default),1010111000000_0000000000
5,-1,58,Low Bb,0010110001000_1100101000,61,Low C#,0010110100000_1100101000
5,110,63,Eb Without octave key,0010110000000_1100110000,68,G# Without octave key (default),0010111000000_0000000000
5,59,63,Eb Without octave key,0010110000000_1100110000,76,E With octave key,1010110000000_1100000000
5,-1,58,Low Bb,0010110001000_1100101000,64,E Without octave key,0010110000000_1100000000
6,45,68,G# Without octave key (default),0010111000000_0000000000,77,F With octave key,1010110000000_1000000000
6,45,69,A Without octave key,0010100000000_0000000000,78,F# With octave key (Chromatic),1010110000000_1001000000
6,82,87,High Eb,1000000000011_0000000000,89,High F (front),1100100000000_0000000000
6,82,84,C With octave key,1000100000000_0000000000,87,High Eb,1000000000011_0000000000
6,3,61,Low C#,0010110100000_1100101000,88,High E,1000000000011_0000000100
6,45,66,F# Without octave key (main),0010110000000_0100000000,75,Eb With octave key,1010110000000_1100110000
6,42,68,G Without octave key,0010110000000_0000000000,70,Bb Without octave key (side key),0010100000000_0000000000
6,3,61,Low C#,0010110100000_1100101000,89,High F (side),1000000000111_0000000100
6,-1,58,Low Bb,0010110001000_1100101000,63,Eb Without octave key,0010110000000_1100110000
6,42,68,G Without octave key,0010110000000_0000000000,69,A Without octave key,0010100000000_0000000000
6,45,70,Bb Without octave key (side key),0010100000000_0000000000,78,F# With octave key (Chromatic),1010110000000_1001000000
6,50,85,C# With octave key,1000000000000_0000000000,87,High Eb,1000000000011_0000000000
6,54,60,Low C,0010110000000_1100101000,75,Eb With octave key,1010110000000_1100110000
6,101,78,F# With octave key (Chromatic),1010110000000_1001000000,91,High F# (front),1100100000000_0010000000
6,57,59,Low B,0010110010000_1100101000,76,E With octave key,1010110000000_1100000000
6,54,61,Low C#,0010110100000_1100101000,75,Eb With octave key,1010110000000_1100110000
6,42,60,Low C,0010110000000_1100101000,61,Low C#,0010110100000_1100101000
6,3,60,Low C,0010110000000_1100101000,88,High E,1000000000011_0000000100
6,94,62,D Without octave key,0010110000000_1100100000,89,High F (side),1000000000111_0000000100
6,57,63,Eb Without octave key,0010110000000_1100110000,79,G With octave key,1010110000000_0000000000
6,42,70,Bb Without octave key (side key),0010100000000_0000000000,70,Bb Without octave key (Bis key),0011100000000_0000000000
6,45,69,A Without octave key,0010100000000_0000000000,78,F# With octave key (main),1010110000000_0100000000
6,42,70,Bb Without octave key (side key),0010100000000_0000000000,72,C Without octave key,0000100000000_0000000000
6,57,63,Eb Without octave key,0010110000000_1100110000,80,G# With octave key (default),1010111000000_0000000000
6,-1,58,Low Bb,0010110001000_1100101000,62,D Without octave key,0010110000000_1100100000
6,28,65,F Without octave key,0010110000000_1000000000,91,High F# (front),1100100000000_0010000000
6,42,71,B Without octave key,0010000000000_0000000000,72,C Without octave key,0000100000000_0000000000
6,57,60,Low C,0010110000000_1100101000,77,F With octave key,1010110000000_1000000000
6,28,66,F# Without octave key (main),0010110000000_0100000000,91,High F# (front),1100100000000_0010000000
6,-1,58,Low Bb,0010110001000_1100101000,60,Low C,0010110000000_1100101000
6,57,61,Low C#,0010110100000_1100101000,79,G With octave key,1010110000000_0000000000
6,94,62,D Without octave key,0010110000000_1100100000,88,High E,1000000000011_0000000100
6,42,68,G# Without octave key (default),0010111000000_0000000000,69,A Without octave key,0010100000000_0000000000
6,57,64,E Without octave key,0010110000000_1100000000,81,A With octave key,1010100000000_0000000000
6,45,68,G Without octave key,0010110000000_0000000000,76,E With octave key,1010110000000_1100000000
6,45,66,F# Without octave key (main),0010110000000_0100000000,74,D With octave key,1010110000000_1100100000
6,57,62,D Without octave key,0010110000000_1100100000,80,G# With octave key (default),1010111000000_0000000000
6,82,83,B With octave key,1010000000000_0000000000,86,High D,1000000000001_0000000000
6,42,70,Bb Without octave key (Bis key),0011100000000_0000000000,72,C Without octave key,0000100000000_0000000000
6,82,83,B With octave key,1010000000000_0000000000,87,High Eb,1000000000011_0000000000
6,42,70,Bb Without octave key (side key),0010100000000_0000000000,71,B Without octave key,0010000000000_0000000000
6,42,59,Low B,0010110010000_1100101000,60,Low C,0010110000000_1100101000
6,42,69,A Without octave key,0010100000000_0000000000,70,Bb Without octave key (side key),0010100000000_0000000000
6,57,61,Low C#,0010110100000_1100101000,77,F With octave key,1010110000000_1000000000
6,-1,58,Low Bb,0010110001000_1100101000,64,E Without octave key,0010110000000_1100000000
6,82,86,High D,1000000000001_0000000000,89,High F (front),1100100000000_0000000000
6,-1,58,Low Bb,0010110001000_1100101000,59,Low B,0010110010000_1100101000
6,57,60,Low C,0010110000000_1100101000,78,F# With octave key (main),1010110000000_0100000000
6,141,80,G# With octave key (default),1010111000000_0000000000,86,High D,1000000000001_0000000000
6,-1,58,Low Bb,0010110001000_1100101000,61,Low C#,0010110100000_1100101000
6,141,80,G# With octave key (default),1010111000000_0000000000,87,High Eb,1000000000011_0000000000
6,45,67,F# Without octave key (Chromatic),0010110000000_1001000000,76,E With octave key,1010110000000_1100000000
6,28,64,E Without octave key,0010110000000_1100000000,89,High F (front),1100100000000_0000000000
6,45,65,F Without octave key,0010110000000_1000000000,74,D With octave key,1010110000000_1100100000
6,14,62,D Without octave key,0010110000000_1100100000,90,High F# (side),1000000000111_0010000100
6,42,68,G Without octave key,0010110000000_0000000000,68,G# Without octave key (default),0010111000000_0000000000
6,-1,58,Low Bb,0010110001000_1100101000,65,F Without octave key,0010110000000_1000000000
6,57,63,Eb Without octave key,0010110000000_1100110000,81,A With octave key,1010100000000_0000000000
6,50,85,C# With octave key,1000000000000_0000000000,86,High D,1000000000001_0000000000
6,42,69,A Without octave key,0010100000000_0000000000,70,Bb Without octave key (Bis key),0011100000000_0000000000
6,94,63,Eb Without octave key,0010110000000_1100110000,88,High E,1000000000011_0000000100
6,14,61,Low C#,0010110100000_1100101000,90,High F# (side),1000000000111_0010000100
6,42,69,A Without octave key,0010100000000_0000000000,71,B Without octave key,0010000000000_0000000000
6,14,63,Eb Without octave key,0010110000000_1100110000,90,High F# (side),1000000000111_0010000100
6,42,70,Bb Without octave key (Bis key),0011100000000_0000000000,71,B Without octave key,0010000000000_0000000000
6,57,61,Low C#,0010110100000_1100101000,78,F# With octave key (main),1010110000000_0100000000
6,82,84,C With octave key,1000100000000_0000000000,86,High D,1000000000001_0000000000
6,-1,58,Low Bb,0010110001000_1100101000,66,F# Without octave key (main),0010110000000_0100000000
6,94,64,E Without octave key,0010110000000_1100000000,90,High F# (side),1000000000111_0010000100
6,42,71,B Without octave key,0010000000000_0000000000,73,C# Without octave key,0000000000000_0000000000
6,3,60,Low C,0010110000000_1100101000,89,High F (side),1000000000111_0000000100
6,45,68,G# Without octave key (default),0010111000000_0000000000,76,E With octave key,1010110000000_1100000000
6,57,62,D Without octave key,0010110000000_1100100000,79,G With octave key,1010110000000_0000000000
6,42,72,C Without octave key,0000100000000_0000000000,73,C# Without octave key,0000000000000_0000000000
6,94,63,Eb Without octave key,0010110000000_1100110000,89,High F (side),1000000000111_0000000100
7,96,65,F Without octave key,0010110000000_1000000000,73,C# Without octave key,0000000000000_0000000000
7,64,70,Bb Without octave key (Bis key),0011100000000_0000000000,81,A With octave key,1010100000000_0000000000
7,67,61,Low C#,0010110100000_1100101000,68,G# Without octave key (default),0010111000000_0000000000
7,39,62,D Without octave key,0010110000000_1100100000,73,C# Without octave key,0000000000000_0000000000
7,108,79,G With octave key,1010110000000_0000000000,91,High F# (front),1100100000000_0010000000
7,15,68,G Without octave key,0010110000000_0000000000,82,Bb With octave key (side key),1010100000000_0000000001
7,112,59,Low B,0010110010000_1100101000,72,C Without octave key,0000100000000_0000000000
7,66,82,Bb With octave key (side key),1010100000000_0000000001,86,High D,1000000000001_0000000000
7,39,63,Eb Without octave key,0010110000000_1100110000,73,C# Without octave key,0000000000000_0000000000
7,88,59,Low B,0010110010000_1100101000,89,High F (side),1000000000111_0000000100
7,15,69,A Without octave key,0010100000000_0000000000,82,Bb With octave key (side key),1010100000000_0000000001
7,96,78,F# With octave key (main),1010110000000_0100000000,85,C# With octave key,1000000000000_0000000000
7,-1,58,Low Bb,0010110001000_1100101000,59,Low B,0010110010000_1100101000
7,108,78,F# With octave key (Chromatic),1010110000000_1001000000,89,High F (front),1100100000000_0000000000
7,88,58,Low Bb,0010110001000_1100101000,88,High E,1000000000011_0000000100
7,15,67,F# Without octave key (Chromatic),0010110000000_1001000000,82,Bb With octave key (side key),1010100000000_0000000001
7,120,81,A With octave key,1010100000000_0000000000,89,High F (front),1100100000000_0000000000
7,64,73,C# Without octave key,0000000000000_0000000000,84,C With octave key,1000100000000_0000000000
7,112,58,Low Bb,0010110001000_1100101000,70,Bb Without octave key (Bis key),0011100000000_0000000000
7,2,80,G# With octave key (default),1010111000000_0000000000,89,High F (front),1100100000000_0000000000
7,39,59,Low B,0010110010000_1100101000,70,Bb Without octave key (side key),0010100000000_0000000000
7,108,80,G# With octave key (default),1010111000000_0000000000,91,High F# (front),1100100000000_0010000000
7,96,79,G With octave key,1010110000000_0000000000,85,C# With octave key,1000000000000_0000000000
7,112,60,Low C,0010110000000_1100101000,73,C# Without octave key,0000000000000_0000000000
7,64,70,Bb Without octave key (side key),0010100000000_0000000000,81,A With octave key,1010100000000_0000000000
7,70,67,F# Without octave key (Chromatic),0010110000000_1001000000,90,High F# (side),1000000000111_0010000100
7,113,63,Eb Without octave key,0010110000000_1100110000,87,High Eb,1000000000011_0000000000
7,112,59,Low B,0010110010000_1100101000,71,B Without octave key,0010000000000_0000000000
7,39,58,Low Bb,0010110001000_1100101000,70,Bb Without octave key (side key),0010100000000_0000000000
7,37,79,G With octave key,1010110000000_0000000000,86,High D,1000000000001_0000000000
7,39,61,Low C#,0010110100000_1100101000,71,B Without octave key,0010000000000_0000000000
7,113,63,Eb Without octave key,0010110000000_1100110000,86,High D,1000000000001_0000000000
7,37,79,G With octave key,1010110000000_0000000000,87,High Eb,1000000000011_0000000000
7,88,58,Low Bb,0010110001000_1100101000,89,High F (side),1000000000111_0000000100
7,-1,58,Low Bb,0010110001000_1100101000,64,E Without octave key,0010110000000_1100000000
7,108,78,F# With octave key (main),1010110000000_0100000000,89,High F (front),1100100000000_0000000000
7,96,77,F With octave key,1010110000000_1000000000,84,C With octave key,1000100000000_0000000000
7,112,61,Low C#,0010110100000_1100101000,73,C# Without octave key,0000000000000_0000000000
7,39,60,Low C,0010110000000_1100101000,72,C Without octave key,0000100000000_0000000000
7,113,62,D Without octave key,0010110000000_1100100000,87,High Eb,1000000000011_0000000000
7,-1,58,Low Bb,0010110001000_1100101000,66,F# Without octave key (main),0010110000000_0100000000
7,-1,58,Low Bb,0010110001000_1100101000,62,D Without octave key,0010110000000_1100100000
7,64,68,G# Without octave key (default),0010111000000_0000000000,79,G With octave key,1010110000000_0000000000
7,96,78,F# With octave key (Chromatic),1010110000000_1001000000,85,C# With octave key,1000000000000_0000000000
7,39,59,Low B,0010110010000_1100101000,70,Bb Without octave key (Bis key),0011100000000_0000000000
7,108,77,F With octave key,1010110000000_1000000000,89,High F (front),1100100000000_0000000000
7,15,68,G# Without octave key (default),0010111000000_0000000000,82,Bb With octave key (side key),1010100000000_0000000001
7,66,82,Bb With octave key (side key),1010100000000_0000000001,87,High Eb,1000000000011_0000000000
7,37,78,F# With octave key (main),1010110000000_0100000000,86,High D,1000000000001_0000000000
7,66,85,C# With octave key,1000000000000_0000000000,89,High F (side),1000000000111_0000000100
7,64,68,G Without octave key,0010110000000_0000000000,79,G With octave key,1010110000000_0000000000
7,37,82,Bb With octave key (side key),1010100000000_0000000001,90,High F# (side),1000000000111_0010000100
7,112,58,Low Bb,0010110001000_1100101000,71,B Without octave key,0010000000000_0000000000
7,120,83,B With octave key,1010000000000_0000000000,91,High F# (front),1100100000000_0010000000
7,88,59,Low B,0010110010000_1100101000,88,High E,1000000000011_0000000100
7,39,61,Low C#,0010110100000_1100101000,72,C Without octave key,0000100000000_0000000000
7,-1,58,Low Bb,0010110001000_1100101000,61,Low C#,0010110100000_1100101000
7,66,83,B With octave key,1010000000000_0000000000,88,High E,1000000000011_0000000100
7,66,85,C# With octave key,1000000000000_0000000000,88,High E,1000000000011_0000000100
7,39,58,Low Bb,0010110001000_1100101000,69,A Without octave key,0010100000000_0000000000
7,113,64,E Without octave key,0010110000000_1100000000,87,High Eb,1000000000011_0000000000
7,66,84,C With octave key,1000100000000_0000000000,89,High F (side),1000000000111_0000000100
7,120,82,Bb With octave key (Bis key),1011100000000_0000000000,91,High F# (front),1100100000000_0010000000
7,66,85,C# With octave key,1000000000000_0000000000,90,High F# (side),1000000000111_0010000100
7,96,77,F With octave key,1010110000000_1000000000,85,C# With octave key,1000000000000_0000000000
7,-1,58,Low Bb,0010110001000_1100101000,65,F Without octave key,0010110000000_1000000000
7,66,84,C With octave key,1000100000000_0000000000,88,High E,1000000000011_0000000100
7,113,62,D Without octave key,0010110000000_1100100000,86,High D,1000000000001_0000000000
7,64,67,F# Without octave key (Chromatic),0010110000000_1001000000,78,F# With octave key (Chromatic),1010110000000_1001000000
7,120,81,A With octave key,1010100000000_0000000000,91,High F# (front),1100100000000_0010000000
7,39,60,Low C,0010110000000_1100101000,71,B Without octave key,0010000000000_0000000000
7,37,82,Bb With octave key (side key),1010100000000_0000000001,89,High F (side),1000000000111_0000000100
7,2,79,G With octave key,1010110000000_0000000000,89,High F (front),1100100000000_0000000000
7,-1,58,Low Bb,0010110001000_1100101000,60,Low C,0010110000000_1100101000
7,-1,58,Low Bb,0010110001000_1100101000,63,Eb Without octave key,0010110000000_1100110000
8,0,68,G Without octave key,0010110000000_0000000000,82,Bb With octave key (Bis key),1011100000000_0000000000
8,49,74,D With octave key,1010110000000_1100100000,75,Eb With octave key,1010110000000_1100110000
8,32,58,Low Bb,0010110001000_1100101000,85,C# With octave key,1000000000000_0000000000
8,77,69,A Without octave key,0010100000000_0000000000,76,E With octave key,1010110000000_1100000000
8,106,83,B With octave key,1010000000000_0000000000,84,C With octave key,1000100000000_0000000000
8,-1,58,Low Bb,0010110001000_1100101000,63,Eb Without octave key,0010110000000_1100110000
8,51,74,D With octave key,1010110000000_1100100000,82,Bb With octave key (Bis key),1011100000000_0000000000
8,-1,58,Low Bb,0010110001000_1100101000,59,Low B,0010110010000_1100101000
8,90,61,Low C#,0010110100000_1100101000,70,Bb Without octave key (Bis key),0011100000000_0000000000
8,92,75,Eb With octave key,1010110000000_1100110000,85,C# With octave key,1000000000000_0000000000
8,92,75,Eb With octave key,1010110000000_1100110000,84,C With octave key,1000100000000_0000000000
8,-1,58,Low Bb,0010110001000_1100101000,65,F Without octave key,0010110000000_1000000000
8,90,62,D Without octave key,0010110000000_1100100000,72,C Without octave key,0000100000000_0000000000
8,77,69,A Without octave key,0010100000000_0000000000,77,F With octave key,1010110000000_1000000000
8,92,74,D With octave key,1010110000000_1100100000,85,C# With octave key,1000000000000_0000000000
8,79,82,Bb With octave key (side key),1010100000000_0000000001,82,Bb With octave key (Bis key),1011100000000_0000000000
8,92,74,D With octave key,1010110000000_1100100000,84,C With octave key,1000100000000_0000000000
8,49,77,F With octave key,1010110000000_1000000000,78,F# With octave key (Chromatic),1010110000000_1001000000
8,35,64,E Without octave key,0010110000000_1100000000,88,High E,1000000000011_0000000100
8,-1,58,Low Bb,0010110001000_1100101000,60,Low C,0010110000000_1100101000
8,106,80,G# With octave key (default),1010111000000_0000000000,81,A With octave key,1010100000000_0000000000
8,130,67,F# Without octave key (Chromatic),0010110000000_1001000000,84,C With octave key,1000100000000_0000000000
8,51,76,E With octave key,1010110000000_1100000000,85,C# With octave key,1000000000000_0000000000
8,130,67,F# Without octave key (Chromatic),0010110000000_1001000000,82,Bb With octave key (Bis key),1011100000000_0000000000
8,51,74,D With octave key,1010110000000_1100100000,83,B With octave key,1010000000000_0000000000
8,79,87,High Eb,1000000000011_0000000000,88,High E,1000000000011_0000000100
8,51,75,Eb With octave key,1010110000000_1100110000,82,Bb With octave key (Bis key),1011100000000_0000000000
8,49,74,D With octave key,1010110000000_1100100000,76,E With octave key,1010110000000_1100000000
8,0,68,G# Without octave key (default),0010111000000_0000000000,82,Bb With octave key (Bis key),1011100000000_0000000000
8,35,64,E Without octave key,0010110000000_1100000000,89,High F (side),1000000000111_0000000100
8,0,68,G# Without octave key (default),0010111000000_0000000000,83,B With octave key,1010000000000_0000000000
8,130,64,E Without octave key,0010110000000_1100000000,80,G# With octave key (default),1010111000000_0000000000
8,77,70,Bb Without octave key (Bis key),0011100000000_0000000000,78,F# With octave key (main),1010110000000_0100000000
8,58,88,High E,1000000000011_0000000100,91,High F# (front),1100100000000_0010000000
8,79,80,G# With octave key (default),1010111000000_0000000000,82,Bb With octave key (side key),1010100000000_0000000001
8,106,81,A With octave key,1010100000000_0000000000,82,Bb With octave key (Bis key),1011100000000_0000000000
8,49,76,E With octave key,1010110000000_1100000000,78,F# With octave key (main),1010110000000_0100000000
8,90,62,D Without octave key,0010110000000_1100100000,71,B Without octave key,0010000000000_0000000000
8,49,77,F With octave key,1010110000000_1000000000,78,F# With octave key (main),1010110000000_0100000000
8,35,65,F Without octave key,0010110000000_1000000000,88,High E,1000000000011_0000000100
8,77,70,Bb Without octave key (side key),0010100000000_0000000000,77,F With octave key,1010110000000_1000000000
8,49,78,F# With octave key (Chromatic),1010110000000_1001000000,79,G With octave key,1010110000000_0000000000
8,12,86,High D,1000000000001_0000000000,91,High F# (front),1100100000000_0010000000
8,130,66,F# Without octave key (main),0010110000000_0100000000,82,Bb With octave key (Bis key),1011100000000_0000000000
8,79,81,A With octave key,1010100000000_0000000000,82,Bb With octave key (side key),1010100000000_0000000001
8,132,75,Eb With octave key,1010110000000_1100110000,87,High Eb,1000000000011_0000000000
8,79,82,Bb With octave key (side key),1010100000000_0000000001,84,C With octave key,1000100000000_0000000000
8,77,70,Bb Without octave key (Bis key),0011100000000_0000000000,77,F With octave key,1010110000000_1000000000
8,32,59,Low B,0010110010000_1100101000,85,C# With octave key,1000000000000_0000000000
8,35,65,F Without octave key,0010110000000_1000000000,89,High F (side),1000000000111_0000000100
8,77,70,Bb Without octave key (side key),0010100000000_0000000000,78,F# With octave key (main),1010110000000_0100000000
8,77,71,B Without octave key,0010000000000_0000000000,78,F# With octave key (main),1010110000000_0100000000
8,90,64,E Without octave key,0010110000000_1100000000,72,C Without octave key,0000100000000_0000000000
8,35,66,F# Without octave key (main),0010110000000_0100000000,89,High F (side),1000000000111_0000000100
8,49,76,E With octave key,1010110000000_1100000000,77,F With octave key,1010110000000_1000000000
8,132,75,Eb With octave key,1010110000000_1100110000,86,High D,1000000000001_0000000000
8,77,70,Bb Without octave key (Bis key),0011100000000_0000000000,78,F# With octave key (Chromatic),1010110000000_1001000000
8,77,71,B Without octave key,0010000000000_0000000000,78,F# With octave key (Chromatic),1010110000000_1001000000
8,-1,58,Low Bb,0010110001000_1100101000,64,E Without octave key,0010110000000_1100000000
8,58,89,High F (side),1000000000111_0000000100,91,High F# (front),1100100000000_0010000000
8,49,77,F With octave key,1010110000000_1000000000,79,G With octave key,1010110000000_0000000000
8,90,64,E Without octave key,0010110000000_1100000000,73,C# Without octave key,0000000000000_0000000000
8,12,87,High Eb,1000000000011_0000000000,91,High F# (front),1100100000000_0010000000
8,49,78,F# With octave key (main),1010110000000_0100000000,79,G With octave key,1010110000000_0000000000
8,132,76,E With octave key,1010110000000_1100000000,87,High Eb,1000000000011_0000000000
8,90,61,Low C#,0010110100000_1100101000,70,Bb Without octave key (side key),0010100000000_0000000000
8,49,76,E With octave key,1010110000000_1100000000,78,F# With octave key (Chromatic),1010110000000_1001000000
8,90,62,D Without octave key,0010110000000_1100100000,70,Bb Without octave key (Bis key),0011100000000_0000000000
8,51,75,Eb With octave key,1010110000000_1100110000,83,B With octave key,1010000000000_0000000000
8,35,66,F# Without octave key (main),0010110000000_0100000000,90,High F# (side),1000000000111_0010000100
8,90,63,Eb Without octave key,0010110000000_1100110000,72,C Without octave key,0000100000000_0000000000
8,-1,58,Low Bb,0010110001000_1100101000,62,D Without octave key,0010110000000_1100100000
8,35,65,F Without octave key,0010110000000_1000000000,90,High F# (side),1000000000111_0010000100
8,79,82,Bb With octave key (side key),1010100000000_0000000001,83,B With octave key,1010000000000_0000000000
8,130,67,F# Without octave key (Chromatic),0010110000000_1001000000,83,B With octave key,1010000000000_0000000000
8,-1,58,Low Bb,0010110001000_1100101000,66,F# Without octave key (main),0010110000000_0100000000
8,106,82,Bb With octave key (Bis key),1011100000000_0000000000,83,B With octave key,1010000000000_0000000000
8,51,76,E With octave key,1010110000000_1100000000,84,C With octave key,1000100000000_0000000000
8,49,75,Eb With octave key,1010110000000_1100110000,76,E With octave key,1010110000000_1100000000
8,-1,58,Low Bb,0010110001000_1100101000,61,Low C#,0010110100000_1100101000
8,79,82,Bb With octave key (side key),1010100000000_0000000001,85,C# With octave key,1000000000000_0000000000
8,106,79,G With octave key,1010110000000_0000000000,80,G# With octave key (default),1010111000000_0000000000
8,106,84,C With octave key,1000100000000_0000000000,85,C# With octave key,1000000000000_0000000000
8,12,82,Bb With octave key (Bis key),1011100000000_0000000000,86,High D,1000000000001_0000000000
9,-1,58,Low Bb,0010110001000_1100101000,63,Eb Without octave key,0010110000000_1100110000
9,126,60,Low C,0010110000000_1100101000,74,D With octave key,1010110000000_1100100000
9,146,66,F# Without octave key (main),0010110000000_0100000000,86,High D,1000000000001_0000000000
9,146,67,F# Without octave key (Chromatic),0010110000000_1001000000,86,High D,1000000000001_0000000000
9,46,69,A Without octave key,0010100000000_0000000000,80,G# With octave key (default),1010111000000_0000000000
9,4,61,Low C#,0010110100000_1100101000,80,G# With octave key (default),1010111000000_0000000000
9,-1,58,Low Bb,0010110001000_1100101000,62,D Without octave key,0010110000000_1100100000
9,127,58,Low Bb,0010110001000_1100101000,80,G# With octave key (default),1010111000000_0000000000
9,21,59,Low B,0010110010000_1100101000,89,High F (front),1100100000000_0000000000
9,1,66,F# Without octave key (main),0010110000000_0100000000,71,B Without octave key,0010000000000_0000000000
9,146,67,F# Without octave key (Chromatic),0010110000000_1001000000,87,High Eb,1000000000011_0000000000
9,97,75,Eb With octave key,1010110000000_1100110000,78,F# With octave key (Chromatic),1010110000000_1001000000
9,97,74,D With octave key,1010110000000_1100100000,78,F# With octave key (Chromatic),1010110000000_1001000000
9,-1,58,Low Bb,0010110001000_1100101000,65,F Without octave key,0010110000000_1000000000
9,126,62,D Without octave key,0010110000000_1100100000,76,E With octave key,1010110000000_1100000000
9,-1,58,Low Bb,0010110001000_1100101000,61,Low C#,0010110100000_1100101000
9,97,63,Eb Without octave key,0010110000000_1100110000,67,F# Without octave key (Chromatic),0010110000000_1001000000
9,23,65,F Without octave key,0010110000000_1000000000,82,Bb With octave key (side key),1010100000000_0000000001
9,46,73,C# Without octave key,0000000000000_0000000000,83,B With octave key,1010000000000_0000000000
9,13,69,A Without octave key,0010100000000_0000000000,73,C# Without octave key,0000000000000_0000000000
9,13,68,G# Without octave key (default),0010111000000_0000000000,71,B Without octave key,0010000000000_0000000000
9,23,66,F# Without octave key (main),0010110000000_0100000000,82,Bb With octave key (side key),1010100000000_0000000001
9,143,59,Low B,0010110010000_1100101000,82,Bb With octave key (side key),1010100000000_0000000001
9,-1,58,Low Bb,0010110001000_1100101000,66,F# Without octave key (main),0010110000000_0100000000
9,144,60,Low C,0010110000000_1100101000,68,G Without octave key,0010110000000_0000000000
9,1,65,F Without octave key,0010110000000_1000000000,72,C Without octave key,0000100000000_0000000000
9,13,68,G# Without octave key (default),0010111000000_0000000000,70,Bb Without octave key (side key),0010100000000_0000000000
9,126,66,F# Without octave key (main),0010110000000_0100000000,80,G# With octave key (default),1010111000000_0000000000
9,46,72,C Without octave key,0000100000000_0000000000,82,Bb With octave key (Bis key),1011100000000_0000000000
9,46,73,C# Without octave key,0000000000000_0000000000,82,Bb With octave key (Bis key),1011100000000_0000000000
9,13,68,G Without octave key,0010110000000_0000000000,71,B Without octave key,0010000000000_0000000000
9,13,68,G# Without octave key (default),0010111000000_0000000000,70,Bb Without octave key (Bis key),0011100000000_0000000000
9,122,58,Low Bb,0010110001000_1100101000,63,Eb Without octave key,0010110000000_1100110000
9,13,68,G Without octave key,0010110000000_0000000000,72,C Without octave key,0000100000000_0000000000
9,46,72,C Without octave key,0000100000000_0000000000,81,A With octave key,1010100000000_0000000000
9,4,58,Low Bb,0010110001000_1100101000,78,F# With octave key (Chromatic),1010110000000_1001000000
9,126,67,F# Without octave key (Chromatic),0010110000000_1001000000,81,A With octave key,1010100000000_0000000000
9,122,59,Low B,0010110010000_1100101000,63,Eb Without octave key,0010110000000_1100110000
9,144,58,Low Bb,0010110001000_1100101000,66,F# Without octave key (main),0010110000000_0100000000
9,144,61,Low C#,0010110100000_1100101000,69,A Without octave key,0010100000000_0000000000
9,46,70,Bb Without octave key (side key),0010100000000_0000000000,80,G# With octave key (default),1010111000000_0000000000
9,13,69,A Without octave key,0010100000000_0000000000,72,C Without octave key,0000100000000_0000000000
9,1,67,F# Without octave key (Chromatic),0010110000000_1001000000,73,C# Without octave key,0000000000000_0000000000
9,46,70,Bb Without octave key (side key),0010100000000_0000000000,79,G With octave key,1010110000000_0000000000
9,1,66,F# Without octave key (main),0010110000000_0100000000,73,C# Without octave key,0000000000000_0000000000
9,13,68,G Without octave key,0010110000000_0000000000,70,Bb Without octave key (Bis key),0011100000000_0000000000
9,126,64,E Without octave key,0010110000000_1100000000,78,F# With octave key (Chromatic),1010110000000_1001000000
9,46,69,A Without octave key,0010100000000_0000000000,79,G With octave key,1010110000000_0000000000
9,-1,58,Low Bb,0010110001000_1100101000,59,Low B,0010110010000_1100101000
9,143,58,Low Bb,0010110001000_1100101000,82,Bb With octave key (side key),1010100000000_0000000001
9,1,64,E Without octave key,0010110000000_1100000000,70,Bb Without octave key (Bis key),0011100000000_0000000000
9,-1,58,Low Bb,0010110001000_1100101000,60,Low C,0010110000000_1100101000
9,126,64,E Without octave key,0010110000000_1100000000,78,F# With octave key (main),1010110000000_0100000000
9,46,72,C Without octave key,0000100000000_0000000000,83,B With octave key,1010000000000_0000000000
9,-1,58,Low Bb,0010110001000_1100101000,64,E Without octave key,0010110000000_1100000000
9,46,71,B Without octave key,0010000000000_0000000000,81,A With octave key,1010100000000_0000000000
9,46,70,Bb Without octave key (Bis key),0011100000000_0000000000,79,G With octave key,1010110000000_0000000000
9,1,65,F Without octave key,0010110000000_1000000000,71,B Without octave key,0010000000000_0000000000
9,126,65,F Without octave key,0010110000000_1000000000,79,G With octave key,1010110000000_0000000000
9,144,62,D Without octave key,0010110000000_1100100000,70,Bb Without octave key (side key),0010100000000_0000000000
9,46,70,Bb Without octave key (Bis key),0011100000000_0000000000,80,G# With octave key (default),1010111000000_0000000000
9,122,60,Low C,0010110000000_1100101000,63,Eb Without octave key,0010110000000_1100110000
9,21,58,Low Bb,0010110001000_1100101000,89,High F (front),1100100000000_0000000000
9,4,60,Low C,0010110000000_1100101000,78,F# With octave key (Chromatic),1010110000000_1001000000
9,46,71,B Without octave key,0010000000000_0000000000,82,Bb With octave key (Bis key),1011100000000_0000000000
9,1,64,E Without octave key,0010110000000_1100000000,71,B Without octave key,0010000000000_0000000000
9,127,59,Low B,0010110010000_1100101000,80,G# With octave key (default),1010111000000_0000000000
9,1,66,F# Without octave key (main),0010110000000_0100000000,72,C Without octave key,0000100000000_0000000000
9,144,60,Low C,0010110000000_1100101000,68,G# Without octave key (default),0010111000000_0000000000
9,4,59,Low B,0010110010000_1100101000,78,F# With octave key (Chromatic),1010110000000_1001000000
9,13,70,Bb Without octave key (Bis key),0011100000000_0000000000,73,C# Without octave key,0000000000000_0000000000
9,13,70,Bb Without octave key (side key),0010100000000_0000000000,73,C# Without octave key,0000000000000_0000000000
9,1,65,F Without octave key,0010110000000_1000000000,70,Bb Without octave key (Bis key),0011100000000_0000000000
9,144,63,Eb Without octave key,0010110000000_1100110000,71,B Without octave key,0010000000000_0000000000
9,23,64,E Without octave key,0010110000000_1100000000,82,Bb With octave key (side key),1010100000000_0000000001
10,139,72,C Without octave key,0000100000000_0000000000,89,High F (side),1000000000111_0000000100
10,-1,58,Low Bb,0010110001000_1100101000,63,Eb Without octave key,0010110000000_1100110000
10,-1,58,Low Bb,0010110001000_1100101000,59,Low B,0010110010000_1100101000
10,68,61,Low C#,0010110100000_1100101000,83,B With octave key,1010000000000_0000000000
10,72,67,F# Without octave key (Chromatic),0010110000000_1001000000,91,High F# (front),1100100000000_0010000000
10,138,59,Low B,0010110010000_1100101000,64,E Without octave key,0010110000000_1100000000
10,138,67,F# Without octave key (Chromatic),0010110000000_1001000000,72,C Without octave key,0000100000000_0000000000
10,-1,58,Low Bb,0010110001000_1100101000,64,E Without octave key,0010110000000_1100000000
10,131,83,B With octave key,1010000000000_0000000000,85,C# With octave key,1000000000000_0000000000
10,87,78,F# With octave key (Chromatic),1010110000000_1001000000,90,High F# (side),1000000000111_0010000100
10,99,71,B Without octave key,0010000000000_0000000000,79,G With octave key,1010110000000_0000000000
10,138,65,F Without octave key,0010110000000_1000000000,70,Bb Without octave key (side key),0010100000000_0000000000
10,137,60,Low C,0010110000000_1100101000,85,C# With octave key,1000000000000_0000000000
10,99,73,C# Without octave key,0000000000000_0000000000,79,G With octave key,1010110000000_0000000000
10,11,72,C Without octave key,0000100000000_0000000000,86,High D,1000000000001_0000000000
10,19,60,Low C,0010110000000_1100101000,69,A Without octave key,0010100000000_0000000000
10,139,71,B Without octave key,0010000000000_0000000000,88,High E,1000000000011_0000000100
10,137,59,Low B,0010110010000_1100101000,84,C With octave key,1000100000000_0000000000
10,137,58,Low Bb,0010110001000_1100101000,84,C With octave key,1000100000000_0000000000
10,-1,58,Low Bb,0010110001000_1100101000,66,F# Without octave key (main),0010110000000_0100000000
10,11,71,B Without octave key,0010000000000_0000000000,86,High D,1000000000001_0000000000
10,19,59,Low B,0010110010000_1100101000,68,G Without octave key,0010110000000_0000000000
10,99,72,C Without octave key,0000100000000_0000000000,80,G# With octave key (default),1010111000000_0000000000
10,47,61,Low C#,0010110100000_1100101000,63,Eb Without octave key,0010110000000_1100110000
10,99,73,C# Without octave key,0000000000000_0000000000,81,A With octave key,1010100000000_0000000000
10,139,71,B Without octave key,0010000000000_0000000000,89,High F (side),1000000000111_0000000100
10,116,80,G# With octave key (default),1010111000000_0000000000,89,High F (side),1000000000111_0000000100
10,138,64,E Without octave key,0010110000000_1100000000,69,A Without octave key,0010100000000_0000000000
10,68,63,Eb Without octave key,0010110000000_1100110000,85,C# With octave key,1000000000000_0000000000
10,11,71,B Without octave key,0010000000000_0000000000,87,High Eb,1000000000011_0000000000
10,-1,58,Low Bb,0010110001000_1100101000,62,D Without octave key,0010110000000_1100100000
10,116,80,G# With octave key (default),1010111000000_0000000000,88,High E,1000000000011_0000000100
10,131,81,A With octave key,1010100000000_0000000000,83,B With octave key,1010000000000_0000000000
10,68,61,Low C#,0010110100000_1100101000,82,Bb With octave key (Bis key),1011100000000_0000000000
10,68,63,Eb Without octave key,0010110000000_1100110000,84,C With octave key,1000100000000_0000000000
10,-1,58,Low Bb,0010110001000_1100101000,61,Low C#,0010110100000_1100101000
10,-1,58,Low Bb,0010110001000_1100101000,65,F Without octave key,0010110000000_1000000000
10,99,73,C# Without octave key,0000000000000_0000000000,80,G# With octave key (default),1010111000000_0000000000
10,137,58,Low Bb,0010110001000_1100101000,83,B With octave key,1010000000000_0000000000
10,18,74,D With octave key,1010110000000_1100100000,86,High D,1000000000001_0000000000
10,10,63,Eb Without octave key,0010110000000_1100110000,74,D With octave key,1010110000000_1100100000
10,68,60,Low C,0010110000000_1100101000,82,Bb With octave key (Bis key),1011100000000_0000000000
10,47,59,Low B,0010110010000_1100101000,61,Low C#,0010110100000_1100101000
10,19,60,Low C,0010110000000_1100101000,70,Bb Without octave key (side key),0010100000000_0000000000
10,47,58,Low Bb,0010110001000_1100101000,59,Low B,0010110010000_1100101000
10,18,74,D With octave key,1010110000000_1100100000,87,High Eb,1000000000011_0000000000
10,19,58,Low Bb,0010110001000_1100101000,68,G Without octave key,0010110000000_0000000000
10,131,79,G With octave key,1010110000000_0000000000,81,A With octave key,1010100000000_0000000000
10,138,58,Low Bb,0010110001000_1100101000,64,E Without octave key,0010110000000_1100000000
10,11,72,C Without octave key,0000100000000_0000000000,87,High Eb,1000000000011_0000000000
10,99,71,B Without octave key,0010000000000_0000000000,80,G# With octave key (default),1010111000000_0000000000
10,19,59,Low B,0010110010000_1100101000,69,A Without octave key,0010100000000_0000000000
10,116,79,G With octave key,1010110000000_0000000000,88,High E,1000000000011_0000000100
10,99,72,C Without octave key,0000100000000_0000000000,79,G With octave key,1010110000000_0000000000
10,68,62,D Without octave key,0010110000000_1100100000,84,C With octave key,1000100000000_0000000000
10,47,58,Low Bb,0010110001000_1100101000,61,Low C#,0010110100000_1100101000
10,138,64,E Without octave key,0010110000000_1100000000,70,Bb Without octave key (side key),0010100000000_0000000000
10,131,81,A With octave key,1010100000000_0000000000,84,C With octave key,1000100000000_0000000000
10,131,82,Bb With octave key (Bis key),1011100000000_0000000000,84,C With octave key,1000100000000_0000000000
10,10,65,F Without octave key,0010110000000_1000000000,76,E With octave key,1010110000000_1100000000
10,19,60,Low C,0010110000000_1100101000,70,Bb Without octave key (Bis key),0011100000000_0000000000
10,68,59,Low B,0010110010000_1100101000,81,A With octave key,1010100000000_0000000000
10,-1,58,Low Bb,0010110001000_1100101000,60,Low C,0010110000000_1100101000
10,139,72,C Without octave key,0000100000000_0000000000,88,High E,1000000000011_0000000100
10,116,79,G With octave key,1010110000000_0000000000,89,High F (side),1000000000111_0000000100
11,18,74,D With octave key,1010110000000_1100100000,87,High Eb,1000000000011_0000000000
11,131,81,A With octave key,1010100000000_0000000000,83,B With octave key,1010000000000_0000000000
11,-1,58,Low Bb,0010110001000_1100101000,63,Eb Without octave key,0010110000000_1100110000
11,19,60,Low C,0010110000000_1100101000,70,Bb Without octave key (Bis key),0011100000000_0000000000
11,47,58,Low Bb,0010110001000_1100101000,59,Low B,0010110010000_1100101000
11,68,62,D Without octave key,0010110000000_1100100000,84,C With octave key,1000100000000_0000000000
11,18,74,D With octave key,1010110000000_1100100000,86,High D,1000000000001_0000000000
11,68,60,Low C,0010110000000_1100101000,82,Bb With octave key (Bis key),1011100000000_0000000000
11,72,67,F# Without octave key (Chromatic),0010110000000_1001000000,91,High F# (front),1100100000000_0010000000
11,68,63,Eb Without octave key,0010110000000_1100110000,85,C# With octave key,1000000000000_0000000000
11,99,71,B Without octave key,0010000000000_0000000000,79,G With octave key,1010110000000_0000000000
11,47,59,Low B,0010110010000_1100101000,61,Low C#,0010110100000_1100101000
11,68,59,Low B,0010110010000_1100101000,81,A With octave key,1010100000000_0000000000
11,138,59,Low B,0010110010000_1100101000,64,E Without octave key,0010110000000_1100000000
11,-1,58,Low Bb,0010110001000_1100101000,62,D Without octave key,0010110000000_1100100000
11,10,63,Eb Without octave key,0010110000000_1100110000,74,D With octave key,1010110000000_1100100000
11,11,72,C Without octave key,0000100000000_0000000000,86,High D,1000000000001_0000000000
11,116,79,G With octave key,1010110000000_0000000000,89,High F (side),1000000000111_0000000100
11,138,64,E Without octave key,0010110000000_1100000000,70,Bb Without octave key (side key),0010100000000_0000000000
11,47,61,Low C#,0010110100000_1100101000,63,Eb Without octave key,0010110000000_1100110000
11,137,60,Low C,0010110000000_1100101000,85,C# With octave key,1000000000000_0000000000
11,131,81,A With octave key,1010100000000_0000000000,84,C With octave key,1000100000000_0000000000
11,-1,58,Low Bb,0010110001000_1100101000,59,Low B,0010110010000_1100101000
11,11,72,C Without octave key,0000100000000_0000000000,87,High Eb,1000000000011_0000000000
11,139,72,C Without octave key,0000100000000_0000000000,88,High E,1000000000011_0000000100
11,99,73,C# Without octave key,0000000000000_0000000000,80,G# With octave key (default),1010111000000_0000000000
11,116,79,G With octave key,1010110000000_0000000000,88,High E,1000000000011_0000000100
11,11,71,B Without octave key,0010000000000_0000000000,87,High Eb,1000000000011_0000000000
11,99,72,C Without octave key,0000100000000_0000000000,80,G# With octave key (default),1010111000000_0000000000
11,99,72,C Without octave key,0000100000000_0000000000,79,G With octave key,1010110000000_0000000000
11,137,58,Low Bb,0010110001000_1100101000,83,B With octave key,1010000000000_0000000000
11,138,58,Low Bb,0010110001000_1100101000,64,E Without octave key,0010110000000_1100000000
11,131,83,B With octave key,1010000000000_0000000000,85,C# With octave key,1000000000000_0000000000
11,-1,58,Low Bb,0010110001000_1100101000,60,Low C,0010110000000_1100101000
11,138,67,F# Without octave key (Chromatic),0010110000000_1001000000,72,C Without octave key,0000100000000_0000000000
11,-1,58,Low Bb,0010110001000_1100101000,66,F# Without octave key (main),0010110000000_0100000000
11,68,61,Low C#,0010110100000_1100101000,82,Bb With octave key (Bis key),1011100000000_0000000000
11,-1,58,Low Bb,0010110001000_1100101000,64,E Without octave key,0010110000000_1100000000
11,139,72,C Without octave key,0000100000000_0000000000,89,High F (side),1000000000111_0000000100
11,99,73,C# Without octave key,0000000000000_0000000000,81,A With octave key,1010100000000_0000000000
11,131,82,Bb With octave key (Bis key),1011100000000_0000000000,84,C With octave key,1000100000000_0000000000
11,131,79,G With octave key,1010110000000_0000000000,81,A With octave key,1010100000000_0000000000
11,-1,58,Low Bb,0010110001000_1100101000,65,F Without octave key,0010110000000_1000000000
11,19,59,Low B,0010110010000_1100101000,68,G Without octave key,0010110000000_0000000000
11,116,80,G# With octave key (default),1010111000000_0000000000,88,High E,1000000000011_0000000100
11,138,64,E Without octave key,0010110000000_1100000000,69,A Without octave key,0010100000000_0000000000
11,19,60,Low C,0010110000000_1100101000,69,A Without octave key,0010100000000_0000000000
11,68,61,Low C#,0010110100000_1100101000,83,B With octave key,1010000000000_0000000000
11,68,63,Eb Without octave key,0010110000000_1100110000,84,C With octave key,1000100000000_0000000000
11,19,58,Low Bb,0010110001000_1100101000,68,G Without octave key,0010110000000_0000000000
11,137,58,Low Bb,0010110001000_1100101000,84,C With octave key,1000100000000_0000000000
11,137,59,Low B,0010110010000_1100101000,84,C With octave key,1000100000000_0000000000
11,116,80,G# With octave key (default),1010111000000_0000000000,89,High F (side),1000000000111_0000000100
11,139,71,B Without octave key,0010000000000_0000000000,88,High E,1000000000011_0000000100
11,99,73,C# Without octave key,0000000000000_0000000000,79,G With octave key,1010110000000_0000000000
11,99,71,B Without octave key,0010000000000_0000000000,80,G# With octave key (default),1010111000000_0000000000
11,19,59,Low B,0010110010000_1100101000,69,A Without octave key,0010100000000_0000000000
11,139,71,B Without octave key,0010000000000_0000000000,89,High F (side),1000000000111_0000000100
11,19,60,Low C,0010110000000_1100101000,70,Bb Without octave key (side key),0010100000000_0000000000
11,47,58,Low Bb,0010110001000_1100101000,61,Low C#,0010110100000_1100101000
11,-1,58,Low Bb,0010110001000_1100101000,61,Low C#,0010110100000_1100101000
11,10,65,F Without octave key,0010110000000_1000000000,76,E With octave key,1010110000000_1100000000
11,11,71,B Without octave key,0010000000000_0000000000,86,High D,1000000000001_0000000000
11,138,65,F Without octave key,0010110000000_1000000000,70,Bb Without octave key (side key),0010100000000_0000000000
11,87,78,F# With octave key (Chromatic),1010110000000_1001000000,90,High F# (side),1000000000111_0010000100
