Session,Cluster,Note 1 midi,Note 1 name,Note 1 encoding,Note 2 midi,Note 2 encoding,Note 2 encoding,SEED:10#Note->someanchorsaddedviafixscript
0,7,64,E Without octave key,0010110000000_1100000000,89,High F (side),1000000000111_0000000100
0,0,82,Bb With octave key (Bis key),1011100000000_0000000000,83,B With octave key,1010000000000_0000000000
0,3,59,Low B,0010110010000_1100101000,90,High F# (side),1000000000111_0010000100
0,1,63,Eb Without octave key,0010110000000_1100110000,64,E Without octave key,0010110000000_1100000000
0,4,61,Low C#,0010110100000_1100101000,89,High F (side),1000000000111_0000000100
0,9,66,F# Without octave key (main),0010110000000_0100000000,89,High F (side),1000000000111_0000000100
0,0,80,G# With octave key (default),1010111000000_0000000000,81,A With octave key,1010100000000_0000000000
0,9,65,F Without octave key,0010110000000_1000000000,89,High F (side),1000000000111_0000000100
0,5,59,Low B,0010110010000_1100101000,87,High Eb,1000000000011_0000000000
0,5,60,Low C,0010110000000_1100101000,87,High Eb,1000000000011_0000000000
0,1,64,E Without octave key,0010110000000_1100000000,66,F# Without octave key (main),0010110000000_0100000000
0,3,58,Low Bb,0010110001000_1100101000,90,High F# (side),1000000000111_0010000100
0,1,66,F# Without octave key (Chromatic),0010110000000_1001000000,67,G Without octave key,0010110000000_0000000000
0,-1,62,D Without octave key,0010110000000_1100100000,74,D With octave key,1010110000000_1100100000
0,-1,67,G Without octave key,0010110000000_0000000000,68,G# Without octave key (default),0010111000000_0000000000
0,4,60,Low C,0010110000000_1100101000,88,High E,1000000000011_0000000100
0,9,64,E Without octave key,0010110000000_1100000000,88,High E,1000000000011_0000000100
0,6,62,D Without octave key,0010110000000_1100100000,90,High F# (side),1000000000111_0010000100
0,2,59,Low B,0010110010000_1100101000,88,High E,1000000000011_0000000100
0,1,64,E Without octave key,0010110000000_1100000000,65,F Without octave key,0010110000000_1000000000
0,9,66,F# Without octave key (Chromatic),0010110000000_1001000000,89,High F (side),1000000000111_0000000100
0,7,62,D Without octave key,0010110000000_1100100000,89,High F (side),1000000000111_0000000100
0,9,66,F# Without octave key (main),0010110000000_0100000000,88,High E,1000000000011_0000000100
0,9,67,G Without octave key,0010110000000_0000000000,90,High F# (side),1000000000111_0010000100
0,6,63,Eb Without octave key,0010110000000_1100110000,90,High F# (side),1000000000111_0010000100
0,9,65,F Without octave key,0010110000000_1000000000,88,High E,1000000000011_0000000100
0,5,59,Low B,0010110010000_1100101000,86,High D,1000000000001_0000000000
0,-1,60,Low C,0010110000000_1100101000,65,F Without octave key,0010110000000_1000000000
0,8,58,Low Bb,0010110001000_1100101000,82,Bb With octave key (side key),1010100000000_0000000001
0,1,65,F Without octave key,0010110000000_1000000000,66,F# Without octave key (main),0010110000000_0100000000
0,2,60,Low C,0010110000000_1100101000,89,High F (side),1000000000111_0000000100
0,4,61,Low C#,0010110100000_1100101000,88,High E,1000000000011_0000000100
0,3,60,Low C,0010110000000_1100101000,90,High F# (side),1000000000111_0010000100
0,10,66,F# Without octave key (Chromatic),0010110000000_1001000000,90,High F# (side),1000000000111_0010000100
0,1,62,D Without octave key,0010110000000_1100100000,64,E Without octave key,0010110000000_1100000000
0,-1,75,Eb With octave key,1010110000000_1100110000,77,F With octave key,1010110000000_1000000000
0,-1,81,A With octave key,1010100000000_0000000000,88,High E,1000000000011_0000000100
0,11,67,G Without octave key,0010110000000_0000000000,88,High E,1000000000011_0000000100
0,7,65,F Without octave key,0010110000000_1000000000,90,High F# (side),1000000000111_0010000100
0,2,59,Low B,0010110010000_1100101000,89,High F (side),1000000000111_0000000100
0,2,58,Low Bb,0010110001000_1100101000,88,High E,1000000000011_0000000100
0,1,62,D Without octave key,0010110000000_1100100000,63,Eb Without octave key,0010110000000_1100110000
0,1,69,A Without octave key,0010100000000_0000000000,70,Bb Without octave key (side key),0010100000000_0000000000
0,0,83,B With octave key,1010000000000_0000000000,84,C With octave key,1000100000000_0000000000
0,8,59,Low B,0010110010000_1100101000,82,Bb With octave key (side key),1010100000000_0000000001
0,1,65,F Without octave key,0010110000000_1000000000,66,F# Without octave key (Chromatic),0010110000000_1001000000
0,1,66,F# Without octave key (main),0010110000000_0100000000,67,G Without octave key,0010110000000_0000000000
0,7,63,Eb Without octave key,0010110000000_1100110000,88,High E,1000000000011_0000000100
0,-1,79,G With octave key,1010110000000_0000000000,84,C With octave key,1000100000000_0000000000
0,2,58,Low Bb,0010110001000_1100101000,89,High F (side),1000000000111_0000000100
0,9,66,F# Without octave key (main),0010110000000_0100000000,90,High F# (side),1000000000111_0010000100
0,11,67,G Without octave key,0010110000000_0000000000,89,High F (side),1000000000111_0000000100
0,3,61,Low C#,0010110100000_1100101000,90,High F# (side),1000000000111_0010000100
0,0,80,G# With octave key (default),1010111000000_0000000000,82,Bb With octave key (Bis key),1011100000000_0000000000
0,11,68,G# Without octave key (default),0010111000000_0000000000,88,High E,1000000000011_0000000100
0,9,66,F# Without octave key (Chromatic),0010110000000_1001000000,88,High E,1000000000011_0000000100
0,5,58,Low Bb,0010110001000_1100101000,86,High D,1000000000001_0000000000
0,11,68,G# Without octave key (default),0010111000000_0000000000,89,High F (side),1000000000111_0000000100
0,1,65,F Without octave key,0010110000000_1000000000,67,G Without octave key,0010110000000_0000000000
0,7,63,Eb Without octave key,0010110000000_1100110000,89,High F (side),1000000000111_0000000100
0,11,68,G# Without octave key (default),0010111000000_0000000000,90,High F# (side),1000000000111_0010000100
0,7,64,E Without octave key,0010110000000_1100000000,90,High F# (side),1000000000111_0010000100
0,7,62,D Without octave key,0010110000000_1100100000,88,High E,1000000000011_0000000100
0,5,58,Low Bb,0010110001000_1100101000,87,High Eb,1000000000011_0000000000
1,-1,79,G With octave key,1010110000000_0000000000,84,C With octave key,1000100000000_0000000000
1,13,76,E With octave key,1010110000000_1100000000,78,F# With octave key (main),1010110000000_0100000000
1,22,63,Eb Without octave key,0010110000000_1100110000,87,High Eb,1000000000011_0000000000
1,24,75,Eb With octave key,1010110000000_1100110000,90,High F# (side),1000000000111_0010000100
1,13,78,F# With octave key (main),1010110000000_0100000000,78,F# With octave key (Chromatic),1010110000000_1001000000
1,21,59,Low B,0010110010000_1100101000,85,C# With octave key,1000000000000_0000000000
1,13,77,F With octave key,1010110000000_1000000000,79,G With octave key,1010110000000_0000000000
1,-1,62,D Without octave key,0010110000000_1100100000,74,D With octave key,1010110000000_1100100000
1,-1,81,A With octave key,1010100000000_0000000000,88,High E,1000000000011_0000000100
1,13,76,E With octave key,1010110000000_1100000000,77,F With octave key,1010110000000_1000000000
1,12,73,C# Without octave key,0000000000000_0000000000,77,F With octave key,1010110000000_1000000000
1,13,78,F# With octave key (main),1010110000000_0100000000,79,G With octave key,1010110000000_0000000000
1,23,60,Low C,0010110000000_1100101000,82,Bb With octave key (side key),1010100000000_0000000001
1,16,70,Bb Without octave key (Bis key),0011100000000_0000000000,89,High F (side),1000000000111_0000000100
1,13,74,D With octave key,1010110000000_1100100000,75,Eb With octave key,1010110000000_1100110000
1,20,73,C# Without octave key,0000000000000_0000000000,90,High F# (side),1000000000111_0010000100
1,16,70,Bb Without octave key (side key),0010100000000_0000000000,88,High E,1000000000011_0000000100
1,-1,67,G Without octave key,0010110000000_0000000000,68,G# Without octave key (default),0010111000000_0000000000
1,22,62,D Without octave key,0010110000000_1100100000,86,High D,1000000000001_0000000000
1,13,78,F# With octave key (Chromatic),1010110000000_1001000000,79,G With octave key,1010110000000_0000000000
1,19,76,E With octave key,1010110000000_1100000000,90,High F# (side),1000000000111_0010000100
1,15,59,Low B,0010110010000_1100101000,89,High F (front),1100100000000_0000000000
1,20,73,C# Without octave key,0000000000000_0000000000,89,High F (side),1000000000111_0000000100
1,21,58,Low Bb,0010110001000_1100101000,85,C# With octave key,1000000000000_0000000000
1,-1,75,Eb With octave key,1010110000000_1100110000,77,F With octave key,1010110000000_1000000000
1,17,69,A Without octave key,0010100000000_0000000000,89,High F (side),1000000000111_0000000100
1,17,70,Bb Without octave key (side key),0010100000000_0000000000,90,High F# (side),1000000000111_0010000100
1,13,74,D With octave key,1010110000000_1100100000,76,E With octave key,1010110000000_1100000000
1,16,69,A Without octave key,0010100000000_0000000000,88,High E,1000000000011_0000000100
1,16,70,Bb Without octave key (Bis key),0011100000000_0000000000,88,High E,1000000000011_0000000100
1,17,69,A Without octave key,0010100000000_0000000000,90,High F# (side),1000000000111_0010000100
1,23,61,Low C#,0010110100000_1100101000,82,Bb With octave key (side key),1010100000000_0000000001
1,13,77,F With octave key,1010110000000_1000000000,78,F# With octave key (Chromatic),1010110000000_1001000000
1,15,58,Low Bb,0010110001000_1100101000,89,High F (front),1100100000000_0000000000
1,20,73,C# Without octave key,0000000000000_0000000000,88,High E,1000000000011_0000000100
1,16,70,Bb Without octave key (side key),0010100000000_0000000000,89,High F (side),1000000000111_0000000100
1,13,75,Eb With octave key,1010110000000_1100110000,76,E With octave key,1010110000000_1100000000
1,22,62,D Without octave key,0010110000000_1100100000,87,High Eb,1000000000011_0000000000
1,18,60,Low C,0010110000000_1100101000,86,High D,1000000000001_0000000000
1,12,73,C# Without octave key,0000000000000_0000000000,76,E With octave key,1010110000000_1100000000
1,25,61,Low C#,0010110100000_1100101000,90,High F# (front),1100100000000_0010000000
1,13,77,F With octave key,1010110000000_1000000000,78,F# With octave key (main),1010110000000_0100000000
1,18,61,Low C#,0010110100000_1100101000,87,High Eb,1000000000011_0000000000
1,14,59,Low B,0010110010000_1100101000,90,High F# (front),1100100000000_0010000000
1,20,72,C Without octave key,0000100000000_0000000000,89,High F (side),1000000000111_0000000100
1,19,74,D With octave key,1010110000000_1100100000,88,High E,1000000000011_0000000100
1,21,58,Low Bb,0010110001000_1100101000,84,C With octave key,1000100000000_0000000000
1,13,76,E With octave key,1010110000000_1100000000,78,F# With octave key (Chromatic),1010110000000_1001000000
1,12,73,C# Without octave key,0000000000000_0000000000,78,F# With octave key (Chromatic),1010110000000_1001000000
1,18,61,Low C#,0010110100000_1100101000,86,High D,1000000000001_0000000000
1,24,74,D With octave key,1010110000000_1100100000,90,High F# (side),1000000000111_0010000100
1,19,74,D With octave key,1010110000000_1100100000,89,High F (side),1000000000111_0000000100
1,12,73,C# Without octave key,0000000000000_0000000000,78,F# With octave key (main),1010110000000_0100000000
1,-1,60,Low C,0010110000000_1100101000,65,F Without octave key,0010110000000_1000000000
1,20,71,B Without octave key,0010000000000_0000000000,88,High E,1000000000011_0000000100
1,25,60,Low C,0010110000000_1100101000,90,High F# (front),1100100000000_0010000000
1,22,63,Eb Without octave key,0010110000000_1100110000,86,High D,1000000000001_0000000000
1,16,71,B Without octave key,0010000000000_0000000000,89,High F (side),1000000000111_0000000100
1,14,58,Low Bb,0010110001000_1100101000,90,High F# (front),1100100000000_0010000000
1,20,72,C Without octave key,0000100000000_0000000000,88,High E,1000000000011_0000000100
1,17,70,Bb Without octave key (Bis key),0011100000000_0000000000,90,High F# (side),1000000000111_0010000100
1,16,72,C Without octave key,0000100000000_0000000000,90,High F# (side),1000000000111_0010000100
1,16,71,B Without octave key,0010000000000_0000000000,90,High F# (side),1000000000111_0010000100
2,33,65,F Without octave key,0010110000000_1000000000,86,High D,1000000000001_0000000000
2,36,58,Low Bb,0010110001000_1100101000,79,G With octave key,1010110000000_0000000000
2,26,64,E Without octave key,0010110000000_1100000000,67,G Without octave key,0010110000000_0000000000
2,26,63,Eb Without octave key,0010110000000_1100110000,66,F# Without octave key (main),0010110000000_0100000000
2,29,58,Low Bb,0010110001000_1100101000,82,Bb With octave key (Bis key),1011100000000_0000000000
2,35,76,E With octave key,1010110000000_1100000000,88,High E,1000000000011_0000000100
2,27,71,B Without octave key,0010000000000_0000000000,72,C Without octave key,0000100000000_0000000000
2,33,66,F# Without octave key (Chromatic),0010110000000_1001000000,87,High Eb,1000000000011_0000000000
2,-1,60,Low C,0010110000000_1100101000,65,F Without octave key,0010110000000_1000000000
2,32,58,Low Bb,0010110001000_1100101000,80,G# With octave key (default),1010111000000_0000000000
2,28,60,Low C,0010110000000_1100101000,89,High F (front),1100100000000_0000000000
2,35,79,G With octave key,1010110000000_0000000000,90,High F# (side),1000000000111_0010000100
2,36,59,Low B,0010110010000_1100101000,79,G With octave key,1010110000000_0000000000
2,29,58,Low Bb,0010110001000_1100101000,83,B With octave key,1010000000000_0000000000
2,29,59,Low B,0010110010000_1100101000,83,B With octave key,1010000000000_0000000000
2,35,78,F# With octave key (main),1010110000000_0100000000,90,High F# (side),1000000000111_0010000100
2,-1,81,A With octave key,1010100000000_0000000000,88,High E,1000000000011_0000000100
2,29,59,Low B,0010110010000_1100101000,84,C With octave key,1000100000000_0000000000
2,26,66,F# Without octave key (main),0010110000000_0100000000,66,F# Without octave key (Chromatic),0010110000000_1001000000
2,26,63,Eb Without octave key,0010110000000_1100110000,65,F Without octave key,0010110000000_1000000000
2,35,76,E With octave key,1010110000000_1100000000,89,High F (side),1000000000111_0000000100
2,27,70,Bb Without octave key (Bis key),0011100000000_0000000000,71,B Without octave key,0010000000000_0000000000
2,33,65,F Without octave key,0010110000000_1000000000,87,High Eb,1000000000011_0000000000
2,35,78,F# With octave key (main),1010110000000_0100000000,89,High F (side),1000000000111_0000000100
2,35,78,F# With octave key (Chromatic),1010110000000_1001000000,89,High F (side),1000000000111_0000000100
2,-1,75,Eb With octave key,1010110000000_1100110000,77,F With octave key,1010110000000_1000000000
2,33,64,E Without octave key,0010110000000_1100000000,87,High Eb,1000000000011_0000000000
2,34,78,F# With octave key (main),1010110000000_0100000000,88,High E,1000000000011_0000000100
2,-1,67,G Without octave key,0010110000000_0000000000,68,G# Without octave key (default),0010111000000_0000000000
2,27,70,Bb Without octave key (side key),0010100000000_0000000000,71,B Without octave key,0010000000000_0000000000
2,34,79,G With octave key,1010110000000_0000000000,89,High F (side),1000000000111_0000000100
2,27,68,G# Without octave key (default),0010111000000_0000000000,69,A Without octave key,0010100000000_0000000000
2,35,77,F With octave key,1010110000000_1000000000,88,High E,1000000000011_0000000100
2,31,75,Eb With octave key,1010110000000_1100110000,88,High E,1000000000011_0000000100
2,34,80,G# With octave key (default),1010111000000_0000000000,89,High F (side),1000000000111_0000000100
2,26,75,Eb With octave key,1010110000000_1100110000,77,F With octave key,1010110000000_1000000000
2,26,64,E Without octave key,0010110000000_1100000000,66,F# Without octave key (Chromatic),0010110000000_1001000000
2,30,78,F# With octave key (Chromatic),1010110000000_1001000000,90,High F# (side),1000000000111_0010000100
2,-1,79,G With octave key,1010110000000_0000000000,84,C With octave key,1000100000000_0000000000
2,32,59,Low B,0010110010000_1100101000,80,G# With octave key (default),1010111000000_0000000000
2,34,80,G# With octave key (default),1010111000000_0000000000,88,High E,1000000000011_0000000100
2,27,70,Bb Without octave key (side key),0010100000000_0000000000,70,Bb Without octave key (Bis key),0011100000000_0000000000
2,34,79,G With octave key,1010110000000_0000000000,88,High E,1000000000011_0000000100
2,35,77,F With octave key,1010110000000_1000000000,90,High F# (side),1000000000111_0010000100
2,-1,62,D Without octave key,0010110000000_1100100000,74,D With octave key,1010110000000_1100100000
2,36,61,Low C#,0010110100000_1100101000,81,A With octave key,1010100000000_0000000000
2,36,60,Low C,0010110000000_1100101000,81,A With octave key,1010100000000_0000000000
2,29,61,Low C#,0010110100000_1100101000,85,C# With octave key,1000000000000_0000000000
2,26,66,F# Without octave key (Chromatic),0010110000000_1001000000,68,G# Without octave key (default),0010111000000_0000000000
2,27,72,C Without octave key,0000100000000_0000000000,73,C# Without octave key,0000000000000_0000000000
2,26,62,D Without octave key,0010110000000_1100100000,65,F Without octave key,0010110000000_1000000000
2,34,80,G# With octave key (default),1010111000000_0000000000,90,High F# (side),1000000000111_0010000100
2,27,69,A Without octave key,0010100000000_0000000000,70,Bb Without octave key (Bis key),0011100000000_0000000000
2,28,61,Low C#,0010110100000_1100101000,89,High F (front),1100100000000_0000000000
2,36,58,Low Bb,0010110001000_1100101000,78,F# With octave key (main),1010110000000_0100000000
2,29,60,Low C,0010110000000_1100101000,84,C With octave key,1000100000000_0000000000
2,33,64,E Without octave key,0010110000000_1100000000,86,High D,1000000000001_0000000000
2,34,78,F# With octave key (Chromatic),1010110000000_1001000000,88,High E,1000000000011_0000000100
2,36,60,Low C,0010110000000_1100101000,80,G# With octave key (default),1010111000000_0000000000
2,31,75,Eb With octave key,1010110000000_1100110000,89,High F (side),1000000000111_0000000100
2,33,66,F# Without octave key (main),0010110000000_0100000000,87,High Eb,1000000000011_0000000000
2,35,77,F With octave key,1010110000000_1000000000,89,High F (side),1000000000111_0000000100
2,29,60,Low C,0010110000000_1100101000,85,C# With octave key,1000000000000_0000000000
3,39,81,A With octave key,1010100000000_0000000000,82,Bb With octave key (Bis key),1011100000000_0000000000
3,44,63,Eb Without octave key,0010110000000_1100110000,82,Bb With octave key (side key),1010100000000_0000000001
3,42,60,Low C,0010110000000_1100101000,79,G With octave key,1010110000000_0000000000
3,-1,79,G With octave key,1010110000000_0000000000,84,C With octave key,1000100000000_0000000000
3,46,63,Eb Without octave key,0010110000000_1100110000,90,High F# (front),1100100000000_0010000000
3,43,58,Low Bb,0010110001000_1100101000,81,A With octave key,1010100000000_0000000000
3,38,88,High E,1000000000011_0000000100,89,High F (side),1000000000111_0000000100
3,43,59,Low B,0010110010000_1100101000,82,Bb With octave key (Bis key),1011100000000_0000000000
3,47,70,Bb Without octave key (side key),0010100000000_0000000000,82,Bb With octave key (side key),1010100000000_0000000001
3,42,58,Low Bb,0010110001000_1100101000,77,F With octave key,1010110000000_1000000000
3,43,60,Low C,0010110000000_1100101000,82,Bb With octave key (Bis key),1011100000000_0000000000
3,41,68,G# Without octave key (default),0010111000000_0000000000,87,High Eb,1000000000011_0000000000
3,47,71,B Without octave key,0010000000000_0000000000,82,Bb With octave key (side key),1010100000000_0000000001
3,39,84,C With octave key,1000100000000_0000000000,85,C# With octave key,1000000000000_0000000000
3,-1,75,Eb With octave key,1010110000000_1100110000,77,F With octave key,1010110000000_1000000000
3,42,59,Low B,0010110010000_1100101000,77,F With octave key,1010110000000_1000000000
3,39,79,G With octave key,1010110000000_0000000000,81,A With octave key,1010100000000_0000000000
3,37,72,C Without octave key,0000100000000_0000000000,75,Eb With octave key,1010110000000_1100110000
3,43,61,Low C#,0010110100000_1100101000,84,C With octave key,1000100000000_0000000000
3,48,66,F# Without octave key (main),0010110000000_0100000000,82,Bb With octave key (side key),1010100000000_0000000001
3,43,59,Low B,0010110010000_1100101000,81,A With octave key,1010100000000_0000000000
3,46,62,D Without octave key,0010110000000_1100100000,90,High F# (front),1100100000000_0010000000
3,38,86,High D,1000000000001_0000000000,87,High Eb,1000000000011_0000000000
3,47,69,A Without octave key,0010100000000_0000000000,82,Bb With octave key (side key),1010100000000_0000000001
3,-1,60,Low C,0010110000000_1100101000,65,F Without octave key,0010110000000_1000000000
3,38,89,High F (side),1000000000111_0000000100,90,High F# (side),1000000000111_0010000100
3,37,73,C# Without octave key,0000000000000_0000000000,74,D With octave key,1010110000000_1100100000
3,47,70,Bb Without octave key (Bis key),0011100000000_0000000000,82,Bb With octave key (side key),1010100000000_0000000001
3,47,68,G# Without octave key (default),0010111000000_0000000000,82,Bb With octave key (side key),1010100000000_0000000001
3,42,59,Low B,0010110010000_1100101000,78,F# With octave key (main),1010110000000_0100000000
3,-1,81,A With octave key,1010100000000_0000000000,88,High E,1000000000011_0000000100
3,37,73,C# Without octave key,0000000000000_0000000000,75,Eb With octave key,1010110000000_1100110000
3,45,81,A With octave key,1010100000000_0000000000,89,High F (side),1000000000111_0000000100
3,44,62,D Without octave key,0010110000000_1100100000,82,Bb With octave key (side key),1010100000000_0000000001
3,37,72,C Without octave key,0000100000000_0000000000,74,D With octave key,1010110000000_1100100000
3,39,83,B With octave key,1010000000000_0000000000,85,C# With octave key,1000000000000_0000000000
3,45,81,A With octave key,1010100000000_0000000000,90,High F# (side),1000000000111_0010000100
3,38,88,High E,1000000000011_0000000100,90,High F# (side),1000000000111_0010000100
3,42,58,Low Bb,0010110001000_1100101000,76,E With octave key,1010110000000_1100000000
3,44,64,E Without octave key,0010110000000_1100000000,82,Bb With octave key (side key),1010100000000_0000000001
3,39,81,A With octave key,1010100000000_0000000000,83,B With octave key,1010000000000_0000000000
3,42,60,Low C,0010110000000_1100101000,78,F# With octave key (main),1010110000000_0100000000
3,40,67,G Without octave key,0010110000000_0000000000,87,High Eb,1000000000011_0000000000
3,42,61,Low C#,0010110100000_1100101000,79,G With octave key,1010110000000_0000000000
3,40,66,F# Without octave key (Chromatic),0010110000000_1001000000,86,High D,1000000000001_0000000000
3,43,61,Low C#,0010110100000_1100101000,83,B With octave key,1010000000000_0000000000
3,45,82,Bb With octave key (Bis key),1011100000000_0000000000,89,High F (side),1000000000111_0000000100
3,45,82,Bb With octave key (Bis key),1011100000000_0000000000,90,High F# (side),1000000000111_0010000100
3,-1,62,D Without octave key,0010110000000_1100100000,74,D With octave key,1010110000000_1100100000
3,43,60,Low C,0010110000000_1100101000,83,B With octave key,1010000000000_0000000000
3,39,82,Bb With octave key (Bis key),1011100000000_0000000000,84,C With octave key,1000100000000_0000000000
3,-1,67,G Without octave key,0010110000000_0000000000,68,G# Without octave key (default),0010111000000_0000000000
3,41,68,G# Without octave key (default),0010111000000_0000000000,86,High D,1000000000001_0000000000
3,48,66,F# Without octave key (Chromatic),0010110000000_1001000000,82,Bb With octave key (side key),1010100000000_0000000001
3,43,61,Low C#,0010110100000_1100101000,82,Bb With octave key (Bis key),1011100000000_0000000000
3,39,79,G With octave key,1010110000000_0000000000,80,G# With octave key (default),1010111000000_0000000000
3,38,89,High F (front),1100100000000_0000000000,90,High F# (front),1100100000000_0010000000
3,40,66,F# Without octave key (main),0010110000000_0100000000,86,High D,1000000000001_0000000000
3,48,67,G Without octave key,0010110000000_0000000000,82,Bb With octave key (side key),1010100000000_0000000001
3,41,67,G Without octave key,0010110000000_0000000000,86,High D,1000000000001_0000000000
3,45,83,B With octave key,1010000000000_0000000000,90,High F# (side),1000000000111_0010000100
3,48,65,F Without octave key,0010110000000_1000000000,82,Bb With octave key (side key),1010100000000_0000000001
4,-1,62,D Without octave key,0010110000000_1100100000,74,D With octave key,1010110000000_1100100000
4,49,66,F# Without octave key (main),0010110000000_0100000000,69,A Without octave key,0010100000000_0000000000
4,-1,67,G Without octave key,0010110000000_0000000000,68,G# Without octave key (default),0010111000000_0000000000
4,59,85,C# With octave key,1000000000000_0000000000,89,High F (side),1000000000111_0000000100
4,51,64,E Without octave key,0010110000000_1100000000,89,High F (front),1100100000000_0000000000
4,58,59,Low B,0010110010000_1100101000,73,C# Without octave key,0000000000000_0000000000
4,52,59,Low B,0010110010000_1100101000,78,F# With octave key (Chromatic),1010110000000_1001000000
4,50,77,F With octave key,1010110000000_1000000000,81,A With octave key,1010100000000_0000000000
4,50,77,F With octave key,1010110000000_1000000000,80,G# With octave key (default),1010111000000_0000000000
4,57,61,Low C#,0010110100000_1100101000,78,F# With octave key (Chromatic),1010110000000_1001000000
4,55,72,C Without octave key,0000100000000_0000000000,86,High D,1000000000001_0000000000
4,56,60,Low C,0010110000000_1100101000,77,F With octave key,1010110000000_1000000000
4,59,82,Bb With octave key (Bis key),1011100000000_0000000000,88,High E,1000000000011_0000000100
4,53,70,Bb Without octave key (side key),0010100000000_0000000000,87,High Eb,1000000000011_0000000000
4,52,61,Low C#,0010110100000_1100101000,80,G# With octave key (default),1010111000000_0000000000
4,54,65,F Without octave key,0010110000000_1000000000,89,High F (front),1100100000000_0000000000
4,55,71,B Without octave key,0010000000000_0000000000,86,High D,1000000000001_0000000000
4,58,58,Low Bb,0010110001000_1100101000,72,C Without octave key,0000100000000_0000000000
4,59,83,B With octave key,1010000000000_0000000000,89,High F (side),1000000000111_0000000100
4,50,78,F# With octave key (main),1010110000000_0100000000,80,G# With octave key (default),1010111000000_0000000000
4,49,65,F Without octave key,0010110000000_1000000000,69,A Without octave key,0010100000000_0000000000
4,56,61,Low C#,0010110100000_1100101000,77,F With octave key,1010110000000_1000000000
4,53,70,Bb Without octave key (side key),0010100000000_0000000000,86,High D,1000000000001_0000000000
4,57,60,Low C,0010110000000_1100101000,78,F# With octave key (Chromatic),1010110000000_1001000000
4,51,64,E Without octave key,0010110000000_1100000000,90,High F# (front),1100100000000_0010000000
4,59,82,Bb With octave key (side key),1010100000000_0000000001,87,High Eb,1000000000011_0000000000
4,53,69,A Without octave key,0010100000000_0000000000,87,High Eb,1000000000011_0000000000
4,49,66,F# Without octave key (Chromatic),0010110000000_1001000000,69,A Without octave key,0010100000000_0000000000
4,49,62,D Without octave key,0010110000000_1100100000,66,F# Without octave key (main),0010110000000_0100000000
4,49,65,F Without octave key,0010110000000_1000000000,68,G# Without octave key (default),0010111000000_0000000000
4,49,66,F# Without octave key (Chromatic),0010110000000_1001000000,70,Bb Without octave key (side key),0010100000000_0000000000
4,52,58,Low Bb,0010110001000_1100101000,78,F# With octave key (Chromatic),1010110000000_1001000000
4,59,82,Bb With octave key (side key),1010100000000_0000000001,86,High D,1000000000001_0000000000
4,59,84,C With octave key,1000100000000_0000000000,90,High F# (side),1000000000111_0010000100
4,54,66,F# Without octave key (main),0010110000000_0100000000,89,High F (front),1100100000000_0000000000
4,50,78,F# With octave key (main),1010110000000_0100000000,81,A With octave key,1010100000000_0000000000
4,54,67,G Without octave key,0010110000000_0000000000,90,High F# (front),1100100000000_0010000000
4,54,66,F# Without octave key (Chromatic),0010110000000_1001000000,89,High F (front),1100100000000_0000000000
4,53,69,A Without octave key,0010100000000_0000000000,86,High D,1000000000001_0000000000
4,59,85,C# With octave key,1000000000000_0000000000,90,High F# (side),1000000000111_0010000100
4,58,58,Low Bb,0010110001000_1100101000,73,C# Without octave key,0000000000000_0000000000
4,59,84,C With octave key,1000100000000_0000000000,89,High F (side),1000000000111_0000000100
4,53,70,Bb Without octave key (Bis key),0011100000000_0000000000,86,High D,1000000000001_0000000000
4,59,85,C# With octave key,1000000000000_0000000000,88,High E,1000000000011_0000000100
4,-1,79,G With octave key,1010110000000_0000000000,84,C With octave key,1000100000000_0000000000
4,54,66,F# Without octave key (main),0010110000000_0100000000,90,High F# (front),1100100000000_0010000000
4,-1,60,Low C,0010110000000_1100101000,65,F Without octave key,0010110000000_1000000000
4,49,66,F# Without octave key (Chromatic),0010110000000_1001000000,70,Bb Without octave key (Bis key),0011100000000_0000000000
4,56,61,Low C#,0010110100000_1100101000,78,F# With octave key (main),1010110000000_0100000000
4,50,81,A With octave key,1010100000000_0000000000,84,C With octave key,1000100000000_0000000000
4,-1,75,Eb With octave key,1010110000000_1100110000,77,F With octave key,1010110000000_1000000000
4,49,64,E Without octave key,0010110000000_1100000000,68,G# Without octave key (default),0010111000000_0000000000
4,49,66,F# Without octave key (main),0010110000000_0100000000,70,Bb Without octave key (side key),0010100000000_0000000000
4,56,59,Low B,0010110010000_1100101000,76,E With octave key,1010110000000_1100000000
4,53,70,Bb Without octave key (Bis key),0011100000000_0000000000,87,High Eb,1000000000011_0000000000
4,51,62,D Without octave key,0010110000000_1100100000,89,High F (front),1100100000000_0000000000
4,49,66,F# Without octave key (main),0010110000000_0100000000,70,Bb Without octave key (Bis key),0011100000000_0000000000
4,59,83,B With octave key,1010000000000_0000000000,88,High E,1000000000011_0000000100
4,51,65,F Without octave key,0010110000000_1000000000,90,High F# (front),1100100000000_0010000000
4,55,72,C Without octave key,0000100000000_0000000000,87,High Eb,1000000000011_0000000000
4,59,84,C With octave key,1000100000000_0000000000,88,High E,1000000000011_0000000100
5,-1,79,G With octave key,1010110000000_0000000000,84,C With octave key,1000100000000_0000000000
4,55,71,B Without octave key,0010000000000_0000000000,87,High Eb,1000000000011_0000000000
4,-1,81,A With octave key,1010100000000_0000000000,88,High E,1000000000011_0000000100
4,51,63,Eb Without octave key,0010110000000_1100110000,89,High F (front),1100100000000_0000000000
5,66,61,Low C#,0010110100000_1100101000,72,C Without octave key,0000100000000_0000000000
5,60,68,G# Without octave key (default),0010111000000_0000000000,70,Bb Without octave key (side key),0010100000000_0000000000
5,-1,60,Low C,0010110000000_1100101000,65,F Without octave key,0010110000000_1000000000
5,72,89,High F (side),1000000000111_0000000100,90,High F# (front),1100100000000_0010000000
5,69,68,G# Without octave key (default),0010111000000_0000000000,89,High F (front),1100100000000_0000000000
5,60,71,B Without octave key,0010000000000_0000000000,73,C# Without octave key,0000000000000_0000000000
5,60,70,Bb Without octave key (Bis key),0011100000000_0000000000,73,C# Without octave key,0000000000000_0000000000
5,60,67,G Without octave key,0010110000000_0000000000,70,Bb Without octave key (side key),0010100000000_0000000000
5,65,60,Low C,0010110000000_1100101000,76,E With octave key,1010110000000_1100000000
5,72,88,High E,1000000000011_0000000100,90,High F# (front),1100100000000_0010000000
5,71,63,Eb Without octave key,0010110000000_1100110000,80,G# With octave key (default),1010111000000_0000000000
5,60,70,Bb Without octave key (side key),0010100000000_0000000000,73,C# Without octave key,0000000000000_0000000000
5,64,58,Low Bb,0010110001000_1100101000,75,Eb With octave key,1010110000000_1100110000
5,72,89,High F (front),1100100000000_0000000000,90,High F# (side),1000000000111_0010000100
5,61,74,D With octave key,1010110000000_1100100000,86,High D,1000000000001_0000000000
5,71,63,Eb Without octave key,0010110000000_1100110000,79,G With octave key,1010110000000_0000000000
5,68,62,D Without octave key,0010110000000_1100100000,84,C With octave key,1000100000000_0000000000
5,70,76,E With octave key,1010110000000_1100000000,87,High Eb,1000000000011_0000000000
5,69,68,G# Without octave key (default),0010111000000_0000000000,90,High F# (front),1100100000000_0010000000
5,-1,75,Eb With octave key,1010110000000_1100110000,77,F With octave key,1010110000000_1000000000
5,60,67,G Without octave key,0010110000000_0000000000,70,Bb Without octave key (Bis key),0011100000000_0000000000
5,68,62,D Without octave key,0010110000000_1100100000,83,B With octave key,1010000000000_0000000000
5,70,77,F With octave key,1010110000000_1000000000,87,High Eb,1000000000011_0000000000
5,68,63,Eb Without octave key,0010110000000_1100110000,84,C With octave key,1000100000000_0000000000
5,66,60,Low C,0010110000000_1100101000,72,C Without octave key,0000100000000_0000000000
5,60,70,Bb Without octave key (Bis key),0011100000000_0000000000,72,C Without octave key,0000100000000_0000000000
5,61,75,Eb With octave key,1010110000000_1100110000,87,High Eb,1000000000011_0000000000
5,60,69,A Without octave key,0010100000000_0000000000,71,B Without octave key,0010000000000_0000000000
5,-1,81,A With octave key,1010100000000_0000000000,88,High E,1000000000011_0000000100
5,60,68,G# Without octave key (default),0010111000000_0000000000,70,Bb Without octave key (Bis key),0011100000000_0000000000
5,66,59,Low B,0010110010000_1100101000,70,Bb Without octave key (Bis key),0011100000000_0000000000
5,72,88,High E,1000000000011_0000000100,89,High F (front),1100100000000_0000000000
5,66,59,Low B,0010110010000_1100101000,72,C Without octave key,0000100000000_0000000000
5,65,61,Low C#,0010110100000_1100101000,76,E With octave key,1010110000000_1100000000
5,60,70,Bb Without octave key (side key),0010100000000_0000000000,72,C Without octave key,0000100000000_0000000000
5,65,59,Low B,0010110010000_1100101000,74,D With octave key,1010110000000_1100100000
5,68,62,D Without octave key,0010110000000_1100100000,82,Bb With octave key (Bis key),1011100000000_0000000000
5,61,74,D With octave key,1010110000000_1100100000,87,High Eb,1000000000011_0000000000
5,60,67,G Without octave key,0010110000000_0000000000,69,A Without octave key,0010100000000_0000000000
5,-1,62,D Without octave key,0010110000000_1100100000,74,D With octave key,1010110000000_1100100000
5,67,62,D Without octave key,0010110000000_1100100000,85,C# With octave key,1000000000000_0000000000
5,-1,67,G Without octave key,0010110000000_0000000000,68,G# Without octave key (default),0010111000000_0000000000
5,64,61,Low C#,0010110100000_1100101000,75,Eb With octave key,1010110000000_1100110000
5,69,67,G Without octave key,0010110000000_0000000000,89,High F (front),1100100000000_0000000000
5,60,66,F# Without octave key (main),0010110000000_0100000000,68,G# Without octave key (default),0010111000000_0000000000
5,66,58,Low Bb,0010110001000_1100101000,70,Bb Without octave key (side key),0010100000000_0000000000
5,65,58,Low Bb,0010110001000_1100101000,74,D With octave key,1010110000000_1100100000
5,60,69,A Without octave key,0010100000000_0000000000,72,C Without octave key,0000100000000_0000000000
5,61,75,Eb With octave key,1010110000000_1100110000,86,High D,1000000000001_0000000000
5,66,58,Low Bb,0010110001000_1100101000,71,B Without octave key,0010000000000_0000000000
5,62,73,C# Without octave key,0000000000000_0000000000,87,High Eb,1000000000011_0000000000
5,66,61,Low C#,0010110100000_1100101000,73,C# Without octave key,0000000000000_0000000000
5,72,89,High F (side),1000000000111_0000000100,89,High F (front),1100100000000_0000000000
5,66,60,Low C,0010110000000_1100101000,73,C# Without octave key,0000000000000_0000000000
6,-1,75,Eb With octave key,1010110000000_1100110000,77,F With octave key,1010110000000_1000000000
5,62,73,C# Without octave key,0000000000000_0000000000,86,High D,1000000000001_0000000000
5,64,59,Low B,0010110010000_1100101000,75,Eb With octave key,1010110000000_1100110000
5,64,60,Low C,0010110000000_1100101000,75,Eb With octave key,1010110000000_1100110000
5,71,62,D Without octave key,0010110000000_1100100000,79,G With octave key,1010110000000_0000000000
5,72,90,High F# (side),1000000000111_0010000100,90,High F# (front),1100100000000_0010000000
5,63,66,F# Without octave key (Chromatic),0010110000000_1001000000,90,High F# (front),1100100000000_0010000000
5,70,76,E With octave key,1010110000000_1100000000,86,High D,1000000000001_0000000000
5,68,64,E Without octave key,0010110000000_1100000000,85,C# With octave key,1000000000000_0000000000
5,66,59,Low B,0010110010000_1100101000,71,B Without octave key,0010000000000_0000000000
5,66,58,Low Bb,0010110001000_1100101000,70,Bb Without octave key (Bis key),0011100000000_0000000000
5,67,63,Eb Without octave key,0010110000000_1100110000,85,C# With octave key,1000000000000_0000000000
6,81,69,A Without octave key,0010100000000_0000000000,89,High F (front),1100100000000_0000000000
6,73,64,E Without octave key,0010110000000_1100000000,70,Bb Without octave key (Bis key),0011100000000_0000000000
6,73,66,F# Without octave key (Chromatic),0010110000000_1001000000,72,C Without octave key,0000100000000_0000000000
6,84,58,Low Bb,0010110001000_1100101000,67,G Without octave key,0010110000000_0000000000
6,84,59,Low B,0010110010000_1100101000,67,G Without octave key,0010110000000_0000000000
6,73,66,F# Without octave key (Chromatic),0010110000000_1001000000,71,B Without octave key,0010000000000_0000000000
6,83,72,C Without octave key,0000100000000_0000000000,82,Bb With octave key (side key),1010100000000_0000000001
6,79,59,Low B,0010110010000_1100101000,70,Bb Without octave key (side key),0010100000000_0000000000
6,80,61,Low C#,0010110100000_1100101000,74,D With octave key,1010110000000_1100100000
6,79,58,Low Bb,0010110001000_1100101000,69,A Without octave key,0010100000000_0000000000
6,81,70,Bb Without octave key (side key),0010100000000_0000000000,89,High F (front),1100100000000_0000000000
6,-1,60,Low C,0010110000000_1100101000,65,F Without octave key,0010110000000_1000000000
6,-1,67,G Without octave key,0010110000000_0000000000,68,G# Without octave key (default),0010111000000_0000000000
6,82,64,E Without octave key,0010110000000_1100000000,83,B With octave key,1010000000000_0000000000
6,73,66,F# Without octave key (main),0010110000000_0100000000,72,C Without octave key,0000100000000_0000000000
6,82,64,E Without octave key,0010110000000_1100000000,84,C With octave key,1000100000000_0000000000
6,74,75,Eb With octave key,1010110000000_1100110000,78,F# With octave key (Chromatic),1010110000000_1001000000
6,73,64,E Without octave key,0010110000000_1100000000,69,A Without octave key,0010100000000_0000000000
6,79,60,Low C,0010110000000_1100101000,71,B Without octave key,0010000000000_0000000000
6,75,71,B Without octave key,0010000000000_0000000000,89,High F (front),1100100000000_0000000000
6,76,74,D With octave key,1010110000000_1100100000,82,Bb With octave key (side key),1010100000000_0000000001
6,85,66,F# Without octave key (Chromatic),0010110000000_1001000000,83,B With octave key,1010000000000_0000000000
6,74,62,D Without octave key,0010110000000_1100100000,66,F# Without octave key (Chromatic),0010110000000_1001000000
6,77,62,D Without octave key,0010110000000_1100100000,80,G# With octave key (default),1010111000000_0000000000
6,73,65,F Without octave key,0010110000000_1000000000,70,Bb Without octave key (Bis key),0011100000000_0000000000
6,77,63,Eb Without octave key,0010110000000_1100110000,83,B With octave key,1010000000000_0000000000
6,73,65,F Without octave key,0010110000000_1000000000,70,Bb Without octave key (side key),0010100000000_0000000000
6,79,60,Low C,0010110000000_1100101000,70,Bb Without octave key (Bis key),0011100000000_0000000000
6,83,73,C# Without octave key,0000000000000_0000000000,82,Bb With octave key (side key),1010100000000_0000000001
6,-1,62,D Without octave key,0010110000000_1100100000,74,D With octave key,1010110000000_1100100000
6,73,66,F# Without octave key (main),0010110000000_0100000000,71,B Without octave key,0010000000000_0000000000
6,73,64,E Without octave key,0010110000000_1100000000,70,Bb Without octave key (side key),0010100000000_0000000000
6,85,64,E Without octave key,0010110000000_1100000000,82,Bb With octave key (Bis key),1011100000000_0000000000
6,85,66,F# Without octave key (Chromatic),0010110000000_1001000000,84,C With octave key,1000100000000_0000000000
6,80,60,Low C,0010110000000_1100101000,74,D With octave key,1010110000000_1100100000
6,74,74,D With octave key,1010110000000_1100100000,78,F# With octave key (Chromatic),1010110000000_1001000000
6,85,64,E Without octave key,0010110000000_1100000000,81,A With octave key,1010100000000_0000000000
6,81,70,Bb Without octave key (Bis key),0011100000000_0000000000,90,High F# (front),1100100000000_0010000000
6,84,58,Low Bb,0010110001000_1100101000,66,F# Without octave key (main),0010110000000_0100000000
6,79,59,Low B,0010110010000_1100101000,69,A Without octave key,0010100000000_0000000000
6,82,66,F# Without octave key (Chromatic),0010110000000_1001000000,85,C# With octave key,1000000000000_0000000000
6,77,62,D Without octave key,0010110000000_1100100000,81,A With octave key,1010100000000_0000000000
6,74,63,Eb Without octave key,0010110000000_1100110000,66,F# Without octave key (Chromatic),0010110000000_1001000000
6,84,61,Low C#,0010110100000_1100101000,69,A Without octave key,0010100000000_0000000000
6,-1,81,A With octave key,1010100000000_0000000000,88,High E,1000000000011_0000000100
6,73,65,F Without octave key,0010110000000_1000000000,71,B Without octave key,0010000000000_0000000000
6,76,75,Eb With octave key,1010110000000_1100110000,82,Bb With octave key (side key),1010100000000_0000000001
6,85,66,F# Without octave key (main),0010110000000_0100000000,84,C With octave key,1000100000000_0000000000
6,78,59,Low B,0010110010000_1100101000,66,F# Without octave key (Chromatic),0010110000000_1001000000
6,-1,79,G With octave key,1010110000000_0000000000,84,C With octave key,1000100000000_0000000000
6,77,63,Eb Without octave key,0010110000000_1100110000,82,Bb With octave key (Bis key),1011100000000_0000000000
6,78,58,Low Bb,0010110001000_1100101000,66,F# Without octave key (Chromatic),0010110000000_1001000000
6,77,63,Eb Without octave key,0010110000000_1100110000,81,A With octave key,1010100000000_0000000000
6,81,70,Bb Without octave key (Bis key),0011100000000_0000000000,89,High F (front),1100100000000_0000000000
6,84,60,Low C,0010110000000_1100101000,68,G# Without octave key (default),0010111000000_0000000000
6,82,66,F# Without octave key (main),0010110000000_0100000000,85,C# With octave key,1000000000000_0000000000
6,81,69,A Without octave key,0010100000000_0000000000,90,High F# (front),1100100000000_0010000000
6,79,60,Low C,0010110000000_1100101000,70,Bb Without octave key (side key),0010100000000_0000000000
6,82,65,F Without octave key,0010110000000_1000000000,85,C# With octave key,1000000000000_0000000000
7,-1,75,Eb With octave key,1010110000000_1100110000,77,F With octave key,1010110000000_1000000000
6,85,65,F Without octave key,0010110000000_1000000000,83,B With octave key,1010000000000_0000000000
6,82,65,F Without octave key,0010110000000_1000000000,84,C With octave key,1000100000000_0000000000
6,84,60,Low C,0010110000000_1100101000,69,A Without octave key,0010100000000_0000000000
6,75,71,B Without octave key,0010000000000_0000000000,90,High F# (front),1100100000000_0010000000
6,81,70,Bb Without octave key (side key),0010100000000_0000000000,90,High F# (front),1100100000000_0010000000
7,95,64,E Without octave key,0010110000000_1100000000,79,G With octave key,1010110000000_0000000000
7,89,78,F# With octave key (Chromatic),1010110000000_1001000000,86,High D,1000000000001_0000000000
7,92,74,D With octave key,1010110000000_1100100000,90,High F# (front),1100100000000_0010000000
7,-1,67,G Without octave key,0010110000000_0000000000,68,G# Without octave key (default),0010111000000_0000000000
7,93,76,E With octave key,1010110000000_1100000000,90,High F# (front),1100100000000_0010000000
7,87,71,B Without octave key,0010000000000_0000000000,78,F# With octave key (Chromatic),1010110000000_1001000000
7,96,58,Low Bb,0010110001000_1100101000,62,D Without octave key,0010110000000_1100100000
7,88,58,Low Bb,0010110001000_1100101000,68,G# Without octave key (default),0010111000000_0000000000
7,96,59,Low B,0010110010000_1100101000,64,E Without octave key,0010110000000_1100000000
7,87,70,Bb Without octave key (Bis key),0011100000000_0000000000,77,F With octave key,1010110000000_1000000000
7,-1,60,Low C,0010110000000_1100101000,65,F Without octave key,0010110000000_1000000000
7,86,71,B Without octave key,0010000000000_0000000000,75,Eb With octave key,1010110000000_1100110000
7,-1,79,G With octave key,1010110000000_0000000000,84,C With octave key,1000100000000_0000000000
7,89,77,F With octave key,1010110000000_1000000000,86,High D,1000000000001_0000000000
7,87,70,Bb Without octave key (side key),0010100000000_0000000000,77,F With octave key,1010110000000_1000000000
7,93,75,Eb With octave key,1010110000000_1100110000,89,High F (front),1100100000000_0000000000
7,87,70,Bb Without octave key (Bis key),0011100000000_0000000000,78,F# With octave key (Chromatic),1010110000000_1001000000
7,98,58,Low Bb,0010110001000_1100101000,65,F Without octave key,0010110000000_1000000000
7,91,82,Bb With octave key (side key),1010100000000_0000000001,89,High F (front),1100100000000_0000000000
7,95,62,D Without octave key,0010110000000_1100100000,77,F With octave key,1010110000000_1000000000
7,86,72,C Without octave key,0000100000000_0000000000,76,E With octave key,1010110000000_1100000000
7,99,65,F Without octave key,0010110000000_1000000000,78,F# With octave key (main),1010110000000_0100000000
7,95,66,F# Without octave key (Chromatic),0010110000000_1001000000,81,A With octave key,1010100000000_0000000000
7,86,71,B Without octave key,0010000000000_0000000000,74,D With octave key,1010110000000_1100100000
7,96,58,Low Bb,0010110001000_1100101000,64,E Without octave key,0010110000000_1100000000
7,87,70,Bb Without octave key (Bis key),0011100000000_0000000000,78,F# With octave key (main),1010110000000_0100000000
7,98,60,Low C,0010110000000_1100101000,66,F# Without octave key (main),0010110000000_0100000000
7,87,71,B Without octave key,0010000000000_0000000000,78,F# With octave key (main),1010110000000_0100000000
7,99,66,F# Without octave key (Chromatic),0010110000000_1001000000,78,F# With octave key (main),1010110000000_0100000000
7,92,75,Eb With octave key,1010110000000_1100110000,90,High F# (front),1100100000000_0010000000
7,87,72,C Without octave key,0000100000000_0000000000,79,G With octave key,1010110000000_0000000000
7,88,59,Low B,0010110010000_1100101000,68,G# Without octave key (default),0010111000000_0000000000
7,94,80,G# With octave key (default),1010111000000_0000000000,86,High D,1000000000001_0000000000
7,94,80,G# With octave key (default),1010111000000_0000000000,87,High Eb,1000000000011_0000000000
7,89,78,F# With octave key (Chromatic),1010110000000_1001000000,87,High Eb,1000000000011_0000000000
7,98,59,Low B,0010110010000_1100101000,66,F# Without octave key (main),0010110000000_0100000000
7,90,67,G Without octave key,0010110000000_0000000000,85,C# With octave key,1000000000000_0000000000
7,98,60,Low C,0010110000000_1100101000,67,G Without octave key,0010110000000_0000000000
7,89,78,F# With octave key (main),1010110000000_0100000000,86,High D,1000000000001_0000000000
7,99,66,F# Without octave key (Chromatic),0010110000000_1001000000,79,G With octave key,1010110000000_0000000000
7,98,61,Low C#,0010110100000_1100101000,67,G Without octave key,0010110000000_0000000000
7,90,67,G Without octave key,0010110000000_0000000000,84,C With octave key,1000100000000_0000000000
7,89,82,Bb With octave key (side key),1010100000000_0000000001,90,High F# (side),1000000000111_0010000100
7,-1,62,D Without octave key,0010110000000_1100100000,74,D With octave key,1010110000000_1100100000
7,99,66,F# Without octave key (main),0010110000000_0100000000,78,F# With octave key (Chromatic),1010110000000_1001000000
7,94,79,G With octave key,1010110000000_0000000000,87,High Eb,1000000000011_0000000000
7,86,70,Bb Without octave key (Bis key),0011100000000_0000000000,74,D With octave key,1010110000000_1100100000
7,86,70,Bb Without octave key (side key),0010100000000_0000000000,74,D With octave key,1010110000000_1100100000
7,-1,81,A With octave key,1010100000000_0000000000,88,High E,1000000000011_0000000100
7,95,62,D Without octave key,0010110000000_1100100000,78,F# With octave key (main),1010110000000_0100000000
7,87,69,A Without octave key,0010100000000_0000000000,76,E With octave key,1010110000000_1100000000
7,90,73,C# Without octave key,0000000000000_0000000000,90,High F# (front),1100100000000_0010000000
7,91,82,Bb With octave key (side key),1010100000000_0000000001,90,High F# (front),1100100000000_0010000000
7,90,66,F# Without octave key (main),0010110000000_0100000000,83,B With octave key,1010000000000_0000000000
7,99,63,Eb Without octave key,0010110000000_1100110000,77,F With octave key,1010110000000_1000000000
7,99,63,Eb Without octave key,0010110000000_1100110000,76,E With octave key,1010110000000_1100000000
7,97,63,Eb Without octave key,0010110000000_1100110000,78,F# With octave key (Chromatic),1010110000000_1001000000
7,95,64,E Without octave key,0010110000000_1100000000,80,G# With octave key (default),1010111000000_0000000000
7,89,78,F# With octave key (main),1010110000000_0100000000,87,High Eb,1000000000011_0000000000
7,95,63,Eb Without octave key,0010110000000_1100110000,78,F# With octave key (main),1010110000000_0100000000
7,93,74,D With octave key,1010110000000_1100100000,89,High F (front),1100100000000_0000000000
7,90,72,C Without octave key,0000100000000_0000000000,89,High F (front),1100100000000_0000000000
7,97,62,D Without octave key,0010110000000_1100100000,78,F# With octave key (Chromatic),1010110000000_1001000000
7,90,65,F Without octave key,0010110000000_1000000000,82,Bb With octave key (Bis key),1011100000000_0000000000
7,98,59,Low B,0010110010000_1100101000,65,F Without octave key,0010110000000_1000000000
7,94,79,G With octave key,1010110000000_0000000000,86,High D,1000000000001_0000000000
7,90,72,C Without octave key,0000100000000_0000000000,90,High F# (front),1100100000000_0010000000
8,102,81,A With octave key,1010100000000_0000000000,86,High D,1000000000001_0000000000
8,106,70,Bb Without octave key (Bis key),0011100000000_0000000000,85,C# With octave key,1000000000000_0000000000
8,100,74,D With octave key,1010110000000_1100100000,78,F# With octave key (main),1010110000000_0100000000
8,-1,62,D Without octave key,0010110000000_1100100000,74,D With octave key,1010110000000_1100100000
8,106,70,Bb Without octave key (side key),0010100000000_0000000000,85,C# With octave key,1000000000000_0000000000
8,101,68,G# Without octave key (default),0010111000000_0000000000,71,B Without octave key,0010000000000_0000000000
8,101,68,G# Without octave key (default),0010111000000_0000000000,72,C Without octave key,0000100000000_0000000000
8,100,76,E With octave key,1010110000000_1100000000,80,G# With octave key (default),1010111000000_0000000000
8,101,80,G# With octave key (default),1010111000000_0000000000,85,C# With octave key,1000000000000_0000000000
8,104,81,A With octave key,1010100000000_0000000000,87,High Eb,1000000000011_0000000000
8,101,69,A Without octave key,0010100000000_0000000000,73,C# Without octave key,0000000000000_0000000000
8,103,78,F# With octave key (main),1010110000000_0100000000,82,Bb With octave key (side key),1010100000000_0000000001
8,103,77,F With octave key,1010110000000_1000000000,82,Bb With octave key (side key),1010100000000_0000000001
8,-1,75,Eb With octave key,1010110000000_1100110000,77,F With octave key,1010110000000_1000000000
8,102,86,High D,1000000000001_0000000000,90,High F# (front),1100100000000_0010000000
8,-1,79,G With octave key,1010110000000_0000000000,84,C With octave key,1000100000000_0000000000
8,102,82,Bb With octave key (Bis key),1011100000000_0000000000,87,High Eb,1000000000011_0000000000
8,102,83,B With octave key,1010000000000_0000000000,87,High Eb,1000000000011_0000000000
8,101,68,G# Without octave key (default),0010111000000_0000000000,73,C# Without octave key,0000000000000_0000000000
8,107,65,F Without octave key,0010110000000_1000000000,78,F# With octave key (Chromatic),1010110000000_1001000000
8,107,66,F# Without octave key (main),0010110000000_0100000000,80,G# With octave key (default),1010111000000_0000000000
8,107,64,E Without octave key,0010110000000_1100000000,78,F# With octave key (main),1010110000000_0100000000
8,104,82,Bb With octave key (side key),1010100000000_0000000001,88,High E,1000000000011_0000000100
8,105,72,C Without octave key,0000100000000_0000000000,85,C# With octave key,1000000000000_0000000000
8,102,82,Bb With octave key (Bis key),1011100000000_0000000000,86,High D,1000000000001_0000000000
8,106,69,A Without octave key,0010100000000_0000000000,85,C# With octave key,1000000000000_0000000000
8,106,68,G# Without octave key (default),0010111000000_0000000000,85,C# With octave key,1000000000000_0000000000
8,106,68,G# Without octave key (default),0010111000000_0000000000,84,C With octave key,1000100000000_0000000000
8,-1,81,A With octave key,1010100000000_0000000000,88,High E,1000000000011_0000000100
8,106,73,C# Without octave key,0000000000000_0000000000,89,High F (front),1100100000000_0000000000
8,106,68,G# Without octave key (default),0010111000000_0000000000,82,Bb With octave key (Bis key),1011100000000_0000000000
8,107,64,E Without octave key,0010110000000_1100000000,77,F With octave key,1010110000000_1000000000
8,101,67,G Without octave key,0010110000000_0000000000,72,C Without octave key,0000100000000_0000000000
8,-1,67,G Without octave key,0010110000000_0000000000,68,G# Without octave key (default),0010111000000_0000000000
8,100,76,E With octave key,1010110000000_1100000000,79,G With octave key,1010110000000_0000000000
8,105,71,B Without octave key,0010000000000_0000000000,84,C With octave key,1000100000000_0000000000
8,106,67,G Without octave key,0010110000000_0000000000,82,Bb With octave key (Bis key),1011100000000_0000000000
8,100,78,F# With octave key (Chromatic),1010110000000_1001000000,81,A With octave key,1010100000000_0000000000
8,107,62,D Without octave key,0010110000000_1100100000,75,Eb With octave key,1010110000000_1100110000
8,107,65,F Without octave key,0010110000000_1000000000,79,G With octave key,1010110000000_0000000000
8,107,66,F# Without octave key (Chromatic),0010110000000_1001000000,80,G# With octave key (default),1010111000000_0000000000
8,107,66,F# Without octave key (main),0010110000000_0100000000,79,G With octave key,1010110000000_0000000000
8,105,67,G Without octave key,0010110000000_0000000000,81,A With octave key,1010100000000_0000000000
8,105,70,Bb Without octave key (side key),0010100000000_0000000000,84,C With octave key,1000100000000_0000000000
8,100,74,D With octave key,1010110000000_1100100000,77,F With octave key,1010110000000_1000000000
8,106,68,G# Without octave key (default),0010111000000_0000000000,83,B With octave key,1010000000000_0000000000
8,105,71,B Without octave key,0010000000000_0000000000,85,C# With octave key,1000000000000_0000000000
8,101,67,G Without octave key,0010110000000_0000000000,71,B Without octave key,0010000000000_0000000000
8,107,64,E Without octave key,0010110000000_1100000000,78,F# With octave key (Chromatic),1010110000000_1001000000
8,103,78,F# With octave key (Chromatic),1010110000000_1001000000,82,Bb With octave key (side key),1010100000000_0000000001
8,-1,60,Low C,0010110000000_1100101000,65,F Without octave key,0010110000000_1000000000
8,100,75,Eb With octave key,1010110000000_1100110000,78,F# With octave key (main),1010110000000_0100000000
8,105,69,A Without octave key,0010100000000_0000000000,82,Bb With octave key (Bis key),1011100000000_0000000000
8,105,67,G Without octave key,0010110000000_0000000000,80,G# With octave key (default),1010111000000_0000000000
8,100,78,F# With octave key (Chromatic),1010110000000_1001000000,80,G# With octave key (default),1010111000000_0000000000
8,105,69,A Without octave key,0010100000000_0000000000,83,B With octave key,1010000000000_0000000000
8,105,70,Bb Without octave key (side key),0010100000000_0000000000,83,B With octave key,1010000000000_0000000000
8,105,68,G# Without octave key (default),0010111000000_0000000000,81,A With octave key,1010100000000_0000000000
8,107,62,D Without octave key,0010110000000_1100100000,76,E With octave key,1010110000000_1100000000
8,103,86,High D,1000000000001_0000000000,90,High F# (side),1000000000111_0010000100
8,105,70,Bb Without octave key (Bis key),0011100000000_0000000000,83,B With octave key,1010000000000_0000000000
8,105,70,Bb Without octave key (Bis key),0011100000000_0000000000,84,C With octave key,1000100000000_0000000000
9,-1,75,Eb With octave key,1010110000000_1100110000,77,F With octave key,1010110000000_1000000000
8,106,67,G Without octave key,0010110000000_0000000000,83,B With octave key,1010000000000_0000000000
8,104,82,Bb With octave key (side key),1010100000000_0000000001,89,High F (side),1000000000111_0000000100
9,115,74,D With octave key,1010110000000_1100100000,83,B With octave key,1010000000000_0000000000
9,114,77,F With octave key,1010110000000_1000000000,89,High F (front),1100100000000_0000000000
9,115,77,F With octave key,1010110000000_1000000000,85,C# With octave key,1000000000000_0000000000
9,116,68,G# Without octave key (default),0010111000000_0000000000,80,G# With octave key (default),1010111000000_0000000000
9,109,70,Bb Without octave key (side key),0010100000000_0000000000,75,Eb With octave key,1010110000000_1100110000
9,108,85,C# With octave key,1000000000000_0000000000,89,High F (front),1100100000000_0000000000
9,113,87,High Eb,1000000000011_0000000000,88,High E,1000000000011_0000000100
9,109,69,A Without octave key,0010100000000_0000000000,74,D With octave key,1010110000000_1100100000
9,115,76,E With octave key,1010110000000_1100000000,84,C With octave key,1000100000000_0000000000
9,114,77,F With octave key,1010110000000_1000000000,90,High F# (front),1100100000000_0010000000
9,109,70,Bb Without octave key (Bis key),0011100000000_0000000000,75,Eb With octave key,1010110000000_1100110000
9,108,80,G# With octave key (default),1010111000000_0000000000,84,C With octave key,1000100000000_0000000000
9,110,78,F# With octave key (Chromatic),1010110000000_1001000000,82,Bb With octave key (Bis key),1011100000000_0000000000
9,110,84,C With octave key,1000100000000_0000000000,89,High F (front),1100100000000_0000000000
9,113,87,High Eb,1000000000011_0000000000,89,High F (side),1000000000111_0000000100
9,116,64,E Without octave key,0010110000000_1100000000,76,E With octave key,1010110000000_1100000000
9,-1,79,G With octave key,1010110000000_0000000000,84,C With octave key,1000100000000_0000000000
9,110,78,F# With octave key (main),1010110000000_0100000000,83,B With octave key,1010000000000_0000000000
9,112,66,F# Without octave key (Chromatic),0010110000000_1001000000,82,Bb With octave key (Bis key),1011100000000_0000000000
9,113,86,High D,1000000000001_0000000000,89,High F (side),1000000000111_0000000100
9,110,76,E With octave key,1010110000000_1100000000,81,A With octave key,1010100000000_0000000000
9,115,78,F# With octave key (Chromatic),1010110000000_1001000000,85,C# With octave key,1000000000000_0000000000
9,112,65,F Without octave key,0010110000000_1000000000,81,A With octave key,1010100000000_0000000000
9,115,74,D With octave key,1010110000000_1100100000,82,Bb With octave key (Bis key),1011100000000_0000000000
9,112,66,F# Without octave key (main),0010110000000_0100000000,82,Bb With octave key (Bis key),1011100000000_0000000000
9,111,76,E With octave key,1010110000000_1100000000,82,Bb With octave key (side key),1010100000000_0000000001
9,116,63,Eb Without octave key,0010110000000_1100110000,75,Eb With octave key,1010110000000_1100110000
9,-1,60,Low C,0010110000000_1100101000,65,F Without octave key,0010110000000_1000000000
9,-1,67,G Without octave key,0010110000000_0000000000,68,G# Without octave key (default),0010111000000_0000000000
9,113,87,High Eb,1000000000011_0000000000,90,High F# (side),1000000000111_0010000100
9,116,69,A Without octave key,0010100000000_0000000000,81,A With octave key,1010100000000_0000000000
9,113,81,A With octave key,1010100000000_0000000000,82,Bb With octave key (side key),1010100000000_0000000001
9,114,76,E With octave key,1010110000000_1100000000,89,High F (front),1100100000000_0000000000
9,108,81,A With octave key,1010100000000_0000000000,85,C# With octave key,1000000000000_0000000000
9,116,71,B Without octave key,0010000000000_0000000000,83,B With octave key,1010000000000_0000000000
9,108,80,G# With octave key (default),1010111000000_0000000000,83,B With octave key,1010000000000_0000000000
9,115,76,E With octave key,1010110000000_1100000000,85,C# With octave key,1000000000000_0000000000
9,110,78,F# With octave key (Chromatic),1010110000000_1001000000,83,B With octave key,1010000000000_0000000000
9,108,82,Bb With octave key (Bis key),1011100000000_0000000000,85,C# With octave key,1000000000000_0000000000
9,116,70,Bb Without octave key (side key),0010100000000_0000000000,81,A With octave key,1010100000000_0000000000
9,108,79,G With octave key,1010110000000_0000000000,82,Bb With octave key (Bis key),1011100000000_0000000000
9,116,66,F# Without octave key (Chromatic),0010110000000_1001000000,78,F# With octave key (Chromatic),1010110000000_1001000000
9,112,65,F Without octave key,0010110000000_1000000000,80,G# With octave key (default),1010111000000_0000000000
9,116,72,C Without octave key,0000100000000_0000000000,84,C With octave key,1000100000000_0000000000
9,112,69,A Without octave key,0010100000000_0000000000,84,C With octave key,1000100000000_0000000000
9,112,66,F# Without octave key (main),0010110000000_0100000000,81,A With octave key,1010100000000_0000000000
9,116,70,Bb Without octave key (side key),0010100000000_0000000000,82,Bb With octave key (Bis key),1011100000000_0000000000
9,114,78,F# With octave key (main),1010110000000_0100000000,90,High F# (front),1100100000000_0010000000
9,110,78,F# With octave key (main),1010110000000_0100000000,82,Bb With octave key (Bis key),1011100000000_0000000000
9,-1,62,D Without octave key,0010110000000_1100100000,74,D With octave key,1010110000000_1100100000
9,108,79,G With octave key,1010110000000_0000000000,83,B With octave key,1010000000000_0000000000
9,116,66,F# Without octave key (main),0010110000000_0100000000,78,F# With octave key (main),1010110000000_0100000000
9,116,67,G Without octave key,0010110000000_0000000000,79,G With octave key,1010110000000_0000000000
9,115,76,E With octave key,1010110000000_1100000000,83,B With octave key,1010000000000_0000000000
9,110,85,C# With octave key,1000000000000_0000000000,90,High F# (front),1100100000000_0010000000
9,116,73,C# Without octave key,0000000000000_0000000000,85,C# With octave key,1000000000000_0000000000
9,113,86,High D,1000000000001_0000000000,88,High E,1000000000011_0000000100
10,-1,75,Eb With octave key,1010110000000_1100110000,77,F With octave key,1010110000000_1000000000
9,110,79,G With octave key,1010110000000_0000000000,84,C With octave key,1000100000000_0000000000
9,110,77,F With octave key,1010110000000_1000000000,82,Bb With octave key (Bis key),1011100000000_0000000000
9,116,70,Bb Without octave key (Bis key),0011100000000_0000000000,82,Bb With octave key (Bis key),1011100000000_0000000000
9,-1,81,A With octave key,1010100000000_0000000000,88,High E,1000000000011_0000000100
9,116,65,F Without octave key,0010110000000_1000000000,77,F With octave key,1010110000000_1000000000
10,126,58,Low Bb,0010110001000_1100101000,61,Low C#,0010110100000_1100101000
10,120,85,C# With octave key,1000000000000_0000000000,87,High Eb,1000000000011_0000000000
10,124,73,C# Without octave key,0000000000000_0000000000,82,Bb With octave key (Bis key),1011100000000_0000000000
10,118,78,F# With octave key (Chromatic),1010110000000_1001000000,84,C With octave key,1000100000000_0000000000
10,128,82,Bb With octave key (side key),1010100000000_0000000001,85,C# With octave key,1000000000000_0000000000
10,125,63,Eb Without octave key,0010110000000_1100110000,74,D With octave key,1010110000000_1100100000
10,118,77,F With octave key,1010110000000_1000000000,84,C With octave key,1000100000000_0000000000
10,128,82,Bb With octave key (side key),1010100000000_0000000001,84,C With octave key,1000100000000_0000000000
10,127,65,F Without octave key,0010110000000_1000000000,74,D With octave key,1010110000000_1100100000
10,119,87,High Eb,1000000000011_0000000000,90,High F# (front),1100100000000_0010000000
10,125,66,F# Without octave key (main),0010110000000_0100000000,76,E With octave key,1010110000000_1100000000
10,128,79,G With octave key,1010110000000_0000000000,82,Bb With octave key (side key),1010100000000_0000000001
10,124,71,B Without octave key,0010000000000_0000000000,80,G# With octave key (default),1010111000000_0000000000
10,125,64,E Without octave key,0010110000000_1100000000,74,D With octave key,1010110000000_1100100000
10,122,61,Low C#,0010110100000_1100101000,71,B Without octave key,0010000000000_0000000000
10,128,82,Bb With octave key (side key),1010100000000_0000000001,83,B With octave key,1010000000000_0000000000
10,127,67,G Without octave key,0010110000000_0000000000,76,E With octave key,1010110000000_1100000000
10,-1,62,D Without octave key,0010110000000_1100100000,74,D With octave key,1010110000000_1100100000
10,122,61,Low C#,0010110100000_1100101000,70,Bb Without octave key (side key),0010100000000_0000000000
10,119,84,C With octave key,1000100000000_0000000000,87,High Eb,1000000000011_0000000000
10,117,63,Eb Without octave key,0010110000000_1100110000,68,G# Without octave key (default),0010111000000_0000000000
10,118,84,C With octave key,1000100000000_0000000000,90,High F# (front),1100100000000_0010000000
10,125,67,G Without octave key,0010110000000_0000000000,78,F# With octave key (main),1010110000000_0100000000
10,123,61,Low C#,0010110100000_1100101000,66,F# Without octave key (Chromatic),0010110000000_1001000000
10,119,83,B With octave key,1010000000000_0000000000,86,High D,1000000000001_0000000000
10,127,66,F# Without octave key (Chromatic),0010110000000_1001000000,76,E With octave key,1010110000000_1100000000
10,125,66,F# Without octave key (Chromatic),0010110000000_1001000000,77,F With octave key,1010110000000_1000000000
10,118,78,F# With octave key (main),1010110000000_0100000000,85,C# With octave key,1000000000000_0000000000
10,126,59,Low B,0010110010000_1100101000,63,Eb Without octave key,0010110000000_1100110000
10,128,82,Bb With octave key (side key),1010100000000_0000000001,82,Bb With octave key (Bis key),1011100000000_0000000000
10,125,66,F# Without octave key (main),0010110000000_0100000000,77,F With octave key,1010110000000_1000000000
10,122,61,Low C#,0010110100000_1100101000,70,Bb Without octave key (Bis key),0011100000000_0000000000
10,126,59,Low B,0010110010000_1100101000,61,Low C#,0010110100000_1100101000
10,123,60,Low C,0010110000000_1100101000,66,F# Without octave key (Chromatic),0010110000000_1001000000
10,124,71,B Without octave key,0010000000000_0000000000,79,G With octave key,1010110000000_0000000000
10,127,68,G# Without octave key (default),0010111000000_0000000000,78,F# With octave key (Chromatic),1010110000000_1001000000
10,127,66,F# Without octave key (main),0010110000000_0100000000,75,Eb With octave key,1010110000000_1100110000
10,124,70,Bb Without octave key (Bis key),0011100000000_0000000000,79,G With octave key,1010110000000_0000000000
10,117,63,Eb Without octave key,0010110000000_1100110000,67,G Without octave key,0010110000000_0000000000
10,120,85,C# With octave key,1000000000000_0000000000,86,High D,1000000000001_0000000000
10,119,87,High Eb,1000000000011_0000000000,89,High F (front),1100100000000_0000000000
10,118,77,F With octave key,1010110000000_1000000000,83,B With octave key,1010000000000_0000000000
10,124,73,C# Without octave key,0000000000000_0000000000,81,A With octave key,1010100000000_0000000000
10,-1,67,G Without octave key,0010110000000_0000000000,68,G# Without octave key (default),0010111000000_0000000000
10,-1,79,G With octave key,1010110000000_0000000000,84,C With octave key,1000100000000_0000000000
10,117,62,D Without octave key,0010110000000_1100100000,67,G Without octave key,0010110000000_0000000000
10,128,80,G# With octave key (default),1010111000000_0000000000,82,Bb With octave key (side key),1010100000000_0000000001
10,126,61,Low C#,0010110100000_1100101000,63,Eb Without octave key,0010110000000_1100110000
10,118,79,G With octave key,1010110000000_0000000000,85,C# With octave key,1000000000000_0000000000
10,127,65,F Without octave key,0010110000000_1000000000,75,Eb With octave key,1010110000000_1100110000
10,125,64,E Without octave key,0010110000000_1100000000,75,Eb With octave key,1010110000000_1100110000
10,126,58,Low Bb,0010110001000_1100101000,59,Low B,0010110010000_1100101000
10,118,76,E With octave key,1010110000000_1100000000,82,Bb With octave key (Bis key),1011100000000_0000000000
10,125,67,G Without octave key,0010110000000_0000000000,77,F With octave key,1010110000000_1000000000
10,121,78,F# With octave key (Chromatic),1010110000000_1001000000,90,High F# (front),1100100000000_0010000000
10,125,65,F Without octave key,0010110000000_1000000000,76,E With octave key,1010110000000_1100000000
10,-1,81,A With octave key,1010100000000_0000000000,88,High E,1000000000011_0000000100
10,117,75,Eb With octave key,1010110000000_1100110000,79,G With octave key,1010110000000_0000000000
10,120,84,C With octave key,1000100000000_0000000000,86,High D,1000000000001_0000000000
10,124,73,C# Without octave key,0000000000000_0000000000,80,G# With octave key (default),1010111000000_0000000000
10,118,78,F# With octave key (main),1010110000000_0100000000,84,C With octave key,1000100000000_0000000000
10,-1,60,Low C,0010110000000_1100101000,65,F Without octave key,0010110000000_1000000000
10,124,72,C Without octave key,0000100000000_0000000000,80,G# With octave key (default),1010111000000_0000000000
10,126,60,Low C,0010110000000_1100101000,63,Eb Without octave key,0010110000000_1100110000
10,119,86,High D,1000000000001_0000000000,89,High F (front),1100100000000_0000000000
10,125,67,G Without octave key,0010110000000_0000000000,78,F# With octave key (Chromatic),1010110000000_1001000000
10,123,58,Low Bb,0010110001000_1100101000,63,Eb Without octave key,0010110000000_1100110000
11,131,69,A Without octave key,0010100000000_0000000000,75,Eb With octave key,1010110000000_1100110000
11,130,74,D With octave key,1010110000000_1100100000,81,A With octave key,1010100000000_0000000000
11,134,62,D Without octave key,0010110000000_1100100000,71,B Without octave key,0010000000000_0000000000
11,133,62,D Without octave key,0010110000000_1100100000,73,C# Without octave key,0000000000000_0000000000
11,132,61,Low C#,0010110100000_1100101000,64,E Without octave key,0010110000000_1100000000
11,136,79,G With octave key,1010110000000_0000000000,90,High F# (front),1100100000000_0010000000
11,138,62,D Without octave key,0010110000000_1100100000,70,Bb Without octave key (Bis key),0011100000000_0000000000
11,-1,60,Low C,0010110000000_1100101000,65,F Without octave key,0010110000000_1000000000
11,142,70,Bb Without octave key (side key),0010100000000_0000000000,79,G With octave key,1010110000000_0000000000
11,130,74,D With octave key,1010110000000_1100100000,80,G# With octave key (default),1010111000000_0000000000
11,-1,79,G With octave key,1010110000000_0000000000,84,C With octave key,1000100000000_0000000000
11,141,61,Low C#,0010110100000_1100101000,65,F Without octave key,0010110000000_1000000000
11,129,82,Bb With octave key (Bis key),1011100000000_0000000000,89,High F (front),1100100000000_0000000000
11,141,61,Low C#,0010110100000_1100101000,66,F# Without octave key (main),0010110000000_0100000000
11,134,63,Eb Without octave key,0010110000000_1100110000,73,C# Without octave key,0000000000000_0000000000
11,132,59,Low B,0010110010000_1100101000,62,D Without octave key,0010110000000_1100100000
11,141,60,Low C,0010110000000_1100101000,64,E Without octave key,0010110000000_1100000000
11,-1,67,G Without octave key,0010110000000_0000000000,68,G# Without octave key (default),0010111000000_0000000000
11,136,80,G# With octave key (default),1010111000000_0000000000,90,High F# (front),1100100000000_0010000000
11,142,71,B Without octave key,0010000000000_0000000000,82,Bb With octave key (Bis key),1011100000000_0000000000
11,142,71,B Without octave key,0010000000000_0000000000,81,A With octave key,1010100000000_0000000000
11,136,80,G# With octave key (default),1010111000000_0000000000,89,High F (front),1100100000000_0000000000
11,142,69,A Without octave key,0010100000000_0000000000,80,G# With octave key (default),1010111000000_0000000000
11,139,61,Low C#,0010110100000_1100101000,62,D Without octave key,0010110000000_1100100000
11,131,68,G# Without octave key (default),0010111000000_0000000000,75,Eb With octave key,1010110000000_1100110000
11,134,62,D Without octave key,0010110000000_1100100000,72,C Without octave key,0000100000000_0000000000
11,142,72,C Without octave key,0000100000000_0000000000,82,Bb With octave key (Bis key),1011100000000_0000000000
11,142,70,Bb Without octave key (Bis key),0011100000000_0000000000,80,G# With octave key (default),1010111000000_0000000000
11,142,73,C# Without octave key,0000000000000_0000000000,83,B With octave key,1010000000000_0000000000
11,131,67,G Without octave key,0010110000000_0000000000,74,D With octave key,1010110000000_1100100000
11,130,75,Eb With octave key,1010110000000_1100110000,80,G# With octave key (default),1010111000000_0000000000
11,130,74,D With octave key,1010110000000_1100100000,79,G With octave key,1010110000000_0000000000
11,136,78,F# With octave key (Chromatic),1010110000000_1001000000,89,High F (front),1100100000000_0000000000
11,-1,75,Eb With octave key,1010110000000_1100110000,77,F With octave key,1010110000000_1000000000
11,133,74,D With octave key,1010110000000_1100100000,84,C With octave key,1000100000000_0000000000
11,142,72,C Without octave key,0000100000000_0000000000,81,A With octave key,1010100000000_0000000000
11,136,79,G With octave key,1010110000000_0000000000,89,High F (front),1100100000000_0000000000
11,139,60,Low C,0010110000000_1100101000,61,Low C#,0010110100000_1100101000
11,142,73,C# Without octave key,0000000000000_0000000000,84,C With octave key,1000100000000_0000000000
11,135,75,Eb With octave key,1010110000000_1100110000,83,B With octave key,1010000000000_0000000000
11,-1,62,D Without octave key,0010110000000_1100100000,74,D With octave key,1010110000000_1100100000
11,-1,81,A With octave key,1010100000000_0000000000,88,High E,1000000000011_0000000100
11,137,66,F# Without octave key (Chromatic),0010110000000_1001000000,74,D With octave key,1010110000000_1100100000
11,138,64,E Without octave key,0010110000000_1100000000,73,C# Without octave key,0000000000000_0000000000
11,130,75,Eb With octave key,1010110000000_1100110000,81,A With octave key,1010100000000_0000000000
11,132,60,Low C,0010110000000_1100101000,62,D Without octave key,0010110000000_1100100000
11,140,81,A With octave key,1010100000000_0000000000,90,High F# (front),1100100000000_0010000000
11,140,81,A With octave key,1010100000000_0000000000,89,High F (front),1100100000000_0000000000
11,142,70,Bb Without octave key (Bis key),0011100000000_0000000000,81,A With octave key,1010100000000_0000000000
11,139,59,Low B,0010110010000_1100101000,60,Low C,0010110000000_1100101000
11,142,68,G# Without octave key (default),0010111000000_0000000000,78,F# With octave key (main),1010110000000_0100000000
11,137,66,F# Without octave key (Chromatic),0010110000000_1001000000,75,Eb With octave key,1010110000000_1100110000
11,138,64,E Without octave key,0010110000000_1100000000,71,B Without octave key,0010000000000_0000000000
11,138,64,E Without octave key,0010110000000_1100000000,72,C Without octave key,0000100000000_0000000000
11,131,67,G Without octave key,0010110000000_0000000000,75,Eb With octave key,1010110000000_1100110000
11,134,63,Eb Without octave key,0010110000000_1100110000,71,B Without octave key,0010000000000_0000000000
11,134,63,Eb Without octave key,0010110000000_1100110000,72,C Without octave key,0000100000000_0000000000
11,133,75,Eb With octave key,1010110000000_1100110000,85,C# With octave key,1000000000000_0000000000
11,129,83,B With octave key,1010000000000_0000000000,90,High F# (front),1100100000000_0010000000
11,135,75,Eb With octave key,1010110000000_1100110000,84,C With octave key,1000100000000_0000000000
11,142,68,G# Without octave key (default),0010111000000_0000000000,79,G With octave key,1010110000000_0000000000
11,142,72,C Without octave key,0000100000000_0000000000,83,B With octave key,1010000000000_0000000000
11,129,83,B With octave key,1010000000000_0000000000,89,High F (front),1100100000000_0000000000
11,142,69,A Without octave key,0010100000000_0000000000,79,G With octave key,1010110000000_0000000000
11,139,58,Low Bb,0010110001000_1100101000,60,Low C,0010110000000_1100101000
11,135,75,Eb With octave key,1010110000000_1100110000,82,Bb With octave key (Bis key),1011100000000_0000000000
11,131,68,G# Without octave key (default),0010111000000_0000000000,74,D With octave key,1010110000000_1100100000
11,138,62,D Without octave key,0010110000000_1100100000,70,Bb Without octave key (side key),0010100000000_0000000000
11,140,82,Bb With octave key (Bis key),1011100000000_0000000000,90,High F# (front),1100100000000_0010000000
11,142,70,Bb Without octave key (side key),0010100000000_0000000000,80,G# With octave key (default),1010111000000_0000000000
11,133,74,D With octave key,1010110000000_1100100000,85,C# With octave key,1000000000000_0000000000
11,136,78,F# With octave key (main),1010110000000_0100000000,89,High F (front),1100100000000_0000000000
12,144,68,G# Without octave key (default),0010111000000_0000000000,77,F With octave key,1010110000000_1000000000
12,-1,67,G Without octave key,0010110000000_0000000000,68,G# Without octave key (default),0010111000000_0000000000
12,143,71,B Without octave key,0010000000000_0000000000,77,F With octave key,1010110000000_1000000000
12,145,66,F# Without octave key (main),0010110000000_0100000000,73,C# Without octave key,0000000000000_0000000000
12,147,62,D Without octave key,0010110000000_1100100000,69,A Without octave key,0010100000000_0000000000
12,147,63,Eb Without octave key,0010110000000_1100110000,69,A Without octave key,0010100000000_0000000000
12,145,67,G Without octave key,0010110000000_0000000000,73,C# Without octave key,0000000000000_0000000000
12,145,65,F Without octave key,0010110000000_1000000000,73,C# Without octave key,0000000000000_0000000000
12,145,66,F# Without octave key (Chromatic),0010110000000_1001000000,73,C# Without octave key,0000000000000_0000000000
12,143,72,C Without octave key,0000100000000_0000000000,77,F With octave key,1010110000000_1000000000
12,144,69,A Without octave key,0010100000000_0000000000,78,F# With octave key (main),1010110000000_0100000000
12,143,70,Bb Without octave key (side key),0010100000000_0000000000,76,E With octave key,1010110000000_1100000000
12,147,62,D Without octave key,0010110000000_1100100000,68,G# Without octave key (default),0010111000000_0000000000
12,147,63,Eb Without octave key,0010110000000_1100110000,70,Bb Without octave key (Bis key),0011100000000_0000000000
12,143,71,B Without octave key,0010000000000_0000000000,76,E With octave key,1010110000000_1100000000
12,-1,62,D Without octave key,0010110000000_1100100000,74,D With octave key,1010110000000_1100100000
12,144,70,Bb Without octave key (side key),0010100000000_0000000000,78,F# With octave key (main),1010110000000_0100000000
12,146,61,Low C#,0010110100000_1100101000,68,G# Without octave key (default),0010111000000_0000000000
12,144,70,Bb Without octave key (side key),0010100000000_0000000000,78,F# With octave key (Chromatic),1010110000000_1001000000
12,-1,60,Low C,0010110000000_1100101000,65,F Without octave key,0010110000000_1000000000
12,143,73,C# Without octave key,0000000000000_0000000000,79,G With octave key,1010110000000_0000000000
12,143,72,C Without octave key,0000100000000_0000000000,78,F# With octave key (Chromatic),1010110000000_1001000000
12,144,66,F# Without octave key (main),0010110000000_0100000000,74,D With octave key,1010110000000_1100100000
12,143,70,Bb Without octave key (Bis key),0011100000000_0000000000,76,E With octave key,1010110000000_1100000000
12,145,65,F Without octave key,0010110000000_1000000000,72,C Without octave key,0000100000000_0000000000
12,144,69,A Without octave key,0010100000000_0000000000,77,F With octave key,1010110000000_1000000000
12,144,68,G# Without octave key (default),0010111000000_0000000000,76,E With octave key,1010110000000_1100000000
12,147,63,Eb Without octave key,0010110000000_1100110000,70,Bb Without octave key (side key),0010100000000_0000000000
12,143,72,C Without octave key,0000100000000_0000000000,78,F# With octave key (main),1010110000000_0100000000
12,144,69,A Without octave key,0010100000000_0000000000,78,F# With octave key (Chromatic),1010110000000_1001000000
12,-1,81,A With octave key,1010100000000_0000000000,88,High E,1000000000011_0000000100
